split,chip,event,status,valid_share,measured_km2,ref_km2,pred_km2,iou,raw,p_area,evidence_factor,sigma_rel,class_share,correct,error
train,Ghana_103272,Ghana,ok,0.989,25.9368,0.162,0.1504,0.5195,0.75,1.0,0.75,0.0187,0.006,1,
train,Ghana_24858,Ghana,ok,1.0,26.2144,0.056,0.0,0.0,0.75,1.0,0.75,0.0006,0.0,1,
train,Ghana_147015,Ghana,ok,1.0,26.2144,0.4132,0.0,0.0,0.75,1.0,0.75,0.002,0.0001,0,
train,Ghana_953791,Ghana,ok,1.0,26.2144,0.3004,0.0068,0.0226,0.75,1.0,0.75,0.009,0.001,0,
train,Ghana_154838,Ghana,skipped,0.164,,,,,,,,,,,
train,Ghana_134751,Ghana,skipped,0.145,,,,,,,,,,,
train,Ghana_61925,Ghana,ok,1.0,26.2144,0.0696,0.0296,0.4253,0.75,1.0,0.75,0.005,0.0011,1,
train,Ghana_156478,Ghana,ok,1.0,26.2144,0.0,0.0,1.0,0.75,1.0,0.75,0.0,0.0,1,
train,Ghana_144050,Ghana,skipped,0.091,,,,,,,,,,,
train,Ghana_49890,Ghana,ok,1.0,26.2144,0.0,0.0,1.0,0.75,1.0,0.75,0.0002,0.0,1,
train,Ghana_97516,Ghana,ok,0.719,18.8512,0.0844,0.0548,0.5676,0.75,1.0,0.75,0.0117,0.0031,1,
train,Ghana_168875,Ghana,skipped,0.162,,,,,,,,,,,
train,Ghana_141910,Ghana,ok,1.0,26.2144,7.1196,8.42,0.3591,0.7499,0.8865,0.846,0.1264,0.3319,1,
train,Ghana_146222,Ghana,ok,0.707,18.5256,0.0,0.0,1.0,0.75,1.0,0.75,0.0,0.0,1,
train,Ghana_11745,Ghana,ok,1.0,26.2144,0.0,0.0,1.0,0.75,1.0,0.75,0.0002,0.0,1,
train,Ghana_161233,Ghana,skipped,0.008,,,,,,,,,,,
train,Ghana_7496,Ghana,ok,1.0,26.2144,0.0,0.0,1.0,0.75,1.0,0.75,0.0002,0.0,1,
train,Ghana_128663,Ghana,ok,0.648,16.9856,0.0,0.02,0.0,0.75,1.0,0.75,0.0054,0.0012,1,
train,Ghana_264787,Ghana,ok,0.71,18.6104,0.0,0.0,1.0,0.75,1.0,0.75,0.0,0.0,1,
train,Ghana_597288,Ghana,ok,1.0,26.2144,0.6248,0.164,0.2625,0.75,1.0,0.75,0.0314,0.0073,0,
train,Ghana_8090,Ghana,ok,0.762,19.9768,0.0,0.0,1.0,0.75,1.0,0.75,0.0,0.0,1,
train,Ghana_187318,Ghana,ok,1.0,26.2144,0.0,0.0,1.0,0.75,1.0,0.75,0.0,0.0,1,
train,Ghana_362274,Ghana,ok,0.99,25.958,1.944,0.8264,0.4,0.6299,0.7385,0.853,0.1781,0.0352,0,
train,Ghana_1089161,Ghana,ok,0.902,23.638,0.306,0.1884,0.6031,0.9804,1.0,0.98,0.0338,0.0086,1,
train,Ghana_887131,Ghana,ok,1.0,26.2144,1.1476,0.0356,0.031,0.75,1.0,0.75,0.0233,0.0029,0,
train,Ghana_247288,Ghana,skipped,0.157,,,,,,,,,,,
train,Ghana_194723,Ghana,skipped,0.182,,,,,,,,,,,
train,Ghana_26376,Ghana,skipped,0.0,,,,,,,,,,,
train,Ghana_45911,Ghana,skipped,0.114,,,,,,,,,,,
train,Ghana_83200,Ghana,skipped,0.379,,,,,,,,,,,
train,Ghana_135389,Ghana,skipped,0.095,,,,,,,,,,,
train,India_285297,India,ok,0.939,24.6284,4.006,0.466,0.1002,0.6045,0.7267,0.832,0.1826,0.0264,0,
train,India_1072277,India,ok,1.0,26.2144,2.5656,0.0,0.0,0.75,1.0,0.75,0.0125,0.0005,0,
train,India_324254,India,ok,1.0,26.2144,0.4628,0.0,0.0,0.75,1.0,0.75,0.0037,0.0002,0,
train,India_177319,India,ok,0.983,25.7664,0.184,0.0,0.0,0.75,1.0,0.75,0.0039,0.0001,1,
train,India_391908,India,ok,0.813,21.3224,2.9088,0.7148,0.2337,0.8261,0.8316,0.993,0.1452,0.0389,0,
train,India_166709,India,ok,0.982,25.7516,1.0448,0.0,0.0,0.75,1.0,0.75,0.0011,0.0001,0,
train,India_534470,India,ok,0.957,25.0948,0.86,0.0044,0.0042,0.75,1.0,0.75,0.0038,0.0003,0,
train,India_773682,India,ok,0.967,25.3492,3.5676,0.218,0.0534,0.8494,0.9124,0.931,0.1171,0.0132,0,
train,India_956930,India,ok,0.909,23.8356,4.4232,0.4464,0.0989,0.7932,0.8568,0.926,0.1366,0.024,0,
train,India_979278,India,skipped,0.41,,,,,,,,,,,
train,India_664410,India,ok,1.0,26.2144,1.5652,0.0592,0.0344,0.75,1.0,0.75,0.0401,0.005,0,
train,India_747970,India,ok,0.946,24.8052,0.554,0.0772,0.1296,0.75,1.0,0.75,0.0374,0.005,0,
train,India_207862,India,ok,0.77,20.1864,2.3716,0.0332,0.0106,0.6736,0.8981,0.75,0.1223,0.0084,0,
train,India_500266,India,ok,1.0,26.2144,4.3192,0.058,0.0133,0.75,1.0,0.75,0.0467,0.0043,0,
train,India_179238,India,ok,0.743,19.476,1.336,0.0,0.0,0.75,1.0,0.75,0.0058,0.0002,0,
train,India_287642,India,skipped,0.445,,,,,,,,,,,
train,India_774689,India,ok,0.912,23.9172,2.1072,0.7128,0.2421,0.64,0.6847,0.935,0.1992,0.0392,0,
train,India_383430,India,ok,0.961,25.2008,4.3984,0.6792,0.1457,0.733,0.9773,0.75,0.0878,0.0294,0,
train,India_373039,India,ok,0.929,24.3644,0.1868,0.1636,0.0046,0.4375,0.5833,0.75,0.2463,0.0207,1,
train,India_698338,India,ok,0.878,23.0208,1.0704,0.0,0.0,0.75,1.0,0.75,0.0082,0.0003,0,
train,India_1017769,India,ok,0.665,17.4236,10.0656,7.934,0.7008,0.6421,0.8562,0.75,0.1368,0.4673,0,
train,India_981708,India,ok,0.841,22.0376,1.1956,0.0132,0.001,0.75,1.0,0.75,0.0083,0.0043,0,
train,India_91379,India,ok,1.0,26.214,3.34,0.1024,0.0304,0.7479,0.9972,0.75,0.0668,0.0066,0,
train,India_59460,India,ok,0.802,21.032,0.0352,0.0,0.0,0.75,1.0,0.75,0.0291,0.0012,1,
train,India_624341,India,ok,1.0,26.2144,0.3776,0.0068,0.0042,0.75,1.0,0.75,0.0121,0.0011,0,
train,India_566697,India,ok,0.831,21.7888,1.7036,0.0088,0.0005,0.75,1.0,0.75,0.0167,0.0013,0,
train,India_804466,India,ok,1.0,26.2144,5.578,0.1044,0.0186,0.7323,0.9764,0.75,0.0883,0.0083,0,
train,India_103447,India,ok,0.638,16.73,2.8828,1.7868,0.5588,0.7495,0.862,0.87,0.1348,0.1121,0,
train,India_136196,India,ok,0.813,21.3192,0.0,0.0388,0.0,0.6719,0.8958,0.75,0.1231,0.0088,1,
train,India_842775,India,ok,0.944,24.7488,0.6948,0.0,0.0,0.75,1.0,0.75,0.0029,0.0001,0,
train,India_25540,India,ok,0.732,19.1928,1.2768,0.0,0.0,0.75,1.0,0.75,0.0158,0.0006,0,
train,India_56450,India,ok,0.71,18.6068,0.0088,0.0,0.0,0.75,1.0,0.75,0.0127,0.0006,1,
train,India_135434,India,skipped,0.454,,,,,,,,,,,
train,India_652725,India,ok,1.0,26.212,2.496,0.1552,0.0561,0.7474,0.9965,0.75,0.0685,0.0091,0,
train,India_943439,India,ok,0.956,25.052,5.242,1.8912,0.3307,0.599,0.7987,0.75,0.1565,0.0821,0,
train,India_73419,India,ok,0.693,18.1784,0.728,0.0,0.0,0.75,1.0,0.75,0.0084,0.0004,0,
train,India_591549,India,ok,0.942,24.6872,1.2856,0.0,0.0,0.75,1.0,0.75,0.0042,0.0003,0,
train,India_273873,India,ok,0.602,15.7836,0.5788,0.3764,0.0506,0.5326,0.6003,0.887,0.2375,0.035,0,
train,India_707886,India,ok,0.982,25.7308,0.614,0.3116,0.4692,0.75,1.0,0.75,0.049,0.0127,0,
train,India_265762,India,ok,0.574,15.0388,0.9568,0.0,0.0,0.75,1.0,0.75,0.0088,0.0008,0,
train,Mekong_221789,Mekong,ok,0.824,21.6104,0.0,0.0,1.0,0.75,1.0,0.75,0.0002,0.0,1,
train,Mekong_52610,Mekong,ok,1.0,26.2144,21.4864,13.4108,0.6229,0.6223,0.8297,0.75,0.1459,0.5229,0,
train,Mekong_596495,Mekong,ok,0.881,23.086,18.0292,16.262,0.8965,0.9806,1.0,0.981,0.013,0.7089,1,
train,Mekong_1439641,Mekong,ok,1.0,26.2144,20.096,17.3336,0.8615,0.9347,1.0,0.935,0.0257,0.6646,1,
train,Mekong_1191208,Mekong,ok,0.785,20.5864,1.5692,1.304,0.8217,1.0,1.0,1.0,0.0331,0.0645,1,
train,Mekong_774566,Mekong,ok,0.875,22.9456,7.97,6.18,0.7716,0.7464,0.9952,0.75,0.0709,0.2717,0,
train,Mekong_213094,Mekong,ok,0.889,23.3044,0.0128,0.0,0.0,0.75,1.0,0.75,0.0003,0.0,1,
train,Mekong_119477,Mekong,ok,0.996,26.1076,0.352,0.0,0.0,0.75,1.0,0.75,0.0009,0.0,0,
train,Mekong_269835,Mekong,ok,0.817,21.4124,0.0516,0.0232,0.3955,0.75,1.0,0.75,0.0035,0.0011,1,
train,Mekong_846007,Mekong,ok,0.638,16.734,0.7952,0.79,0.67,0.9276,0.9347,0.992,0.1085,0.0527,1,
train,Mekong_1111068,Mekong,ok,1.0,26.2128,0.88,0.0072,0.0082,0.75,1.0,0.75,0.0137,0.001,0,
train,Mekong_1282475,Mekong,ok,1.0,26.2144,2.7584,1.4024,0.5084,0.5192,0.6922,0.75,0.1961,0.0575,0,
train,Mekong_16233,Mekong,ok,1.0,26.2144,6.2952,5.736,0.8983,1.0,1.0,1.0,0.0252,0.2201,1,
train,Mekong_342411,Mekong,ok,1.0,26.2144,3.0632,1.5328,0.5002,0.5656,0.7541,0.75,0.1724,0.0607,0,
train,Mekong_1395593,Mekong,ok,0.999,26.178,2.0032,1.074,0.5352,0.6822,0.9096,0.75,0.1181,0.0424,0,
train,Mekong_922373,Mekong,ok,1.0,26.2144,12.468,4.4156,0.3535,0.4743,0.6324,0.75,0.222,0.1808,0,
train,Mekong_1396181,Mekong,ok,0.931,24.4044,15.0496,11.3584,0.6987,0.8688,0.9961,0.872,0.0693,0.4728,0,
train,Mekong_1248200,Mekong,ok,0.996,26.1104,20.948,10.8256,0.5163,0.4355,0.5807,0.75,0.2476,0.4296,0,
train,Nigeria_529525,Nigeria,ok,1.0,26.2144,22.78,10.0184,0.4396,0.7532,0.8918,0.845,0.1245,0.3992,0,
train,Nigeria_143329,Nigeria,ok,0.953,24.9932,0.3136,0.0,0.0,0.75,1.0,0.75,0.0091,0.0006,0,
train,Nigeria_439488,Nigeria,ok,0.884,23.1836,0.1668,0.0,0.0,0.75,1.0,0.75,0.011,0.0003,1,
train,Nigeria_707067,Nigeria,ok,0.997,26.1436,0.4496,0.0,0.0,0.75,1.0,0.75,0.0119,0.0005,0,
train,Nigeria_81933,Nigeria,ok,0.943,24.7124,18.4256,8.3636,0.4469,0.8281,0.9149,0.905,0.1162,0.3579,0,
train,Nigeria_35845,Nigeria,ok,0.822,21.5524,0.0356,0.0,0.0,0.75,1.0,0.75,0.0013,0.0001,1,
train,Nigeria_598959,Nigeria,ok,0.813,21.3044,4.9692,0.0096,0.0014,0.75,1.0,0.75,0.0094,0.0009,0,
train,Nigeria_952958,Nigeria,ok,0.877,22.9884,1.0336,0.8164,0.6685,0.8827,0.8994,0.981,0.1218,0.039,1,
train,Nigeria_78061,Nigeria,ok,0.879,23.036,0.6016,0.6132,0.5884,0.9462,0.9769,0.969,0.088,0.0283,1,
train,Nigeria_600295,Nigeria,ok,0.709,18.5736,8.5604,7.1212,0.7995,0.9253,0.9998,0.925,0.0543,0.3891,1,
train,Pakistan_909806,Pakistan,skipped,0.448,,,,,,,,,,,
train,Pakistan_132143,Pakistan,ok,1.0,26.2144,0.0,0.0,1.0,0.75,1.0,0.75,0.0194,0.0009,1,
train,Pakistan_712873,Pakistan,skipped,0.461,,,,,,,,,,,
train,Pakistan_35915,Pakistan,skipped,0.497,,,,,,,,,,,
train,Pakistan_246510,Pakistan,ok,0.989,25.9164,1.2056,2.3288,0.1962,0.3897,0.4476,0.871,0.3366,0.1104,0,
train,Pakistan_667363,Pakistan,ok,0.645,16.9072,0.1436,0.1044,0.0,0.3886,0.5181,0.75,0.2844,0.0203,1,
train,Pakistan_366265,Pakistan,skipped,0.488,,,,,,,,,,,
train,Pakistan_548910,Pakistan,ok,0.901,23.6072,0.3952,0.0,0.0,0.75,1.0,0.75,0.0081,0.0003,0,
train,Pakistan_740461,Pakistan,ok,0.809,21.198,0.0,1.7896,0.0,0.2666,0.3554,0.75,0.4335,0.1071,0,
train,Pakistan_211386,Pakistan,ok,0.976,25.5824,0.78,0.0724,0.0812,0.6719,0.8959,0.75,0.1231,0.0079,0,
train,Pakistan_401863,Pakistan,ok,0.989,25.9152,0.3504,0.2264,0.3852,0.4108,0.5477,0.75,0.2661,0.0192,1,
train,Pakistan_246718,Pakistan,ok,0.904,23.6916,1.4116,0.7244,0.4954,0.745,0.8222,0.906,0.1484,0.0333,0,
train,Pakistan_474121,Pakistan,ok,0.699,18.3216,0.9116,1.3612,0.4521,0.4137,0.4622,0.895,0.3246,0.0955,0,
train,Pakistan_65724,Pakistan,ok,1.0,26.2144,0.0,0.026,0.0,0.6655,0.8874,0.75,0.126,0.0062,1,
train,Pakistan_1036366,Pakistan,skipped,0.427,,,,,,,,,,,
train,Pakistan_760290,Pakistan,ok,0.892,23.3904,0.0,0.1796,0.0,0.3624,0.4832,0.75,0.3085,0.0197,1,
train,Paraguay_721886,Paraguay,ok,0.999,26.1968,1.242,0.328,0.2612,0.7496,0.9995,0.75,0.0579,0.0151,0,
train,Paraguay_62897,Paraguay,ok,1.0,26.2144,4.2628,0.0,0.0,0.75,1.0,0.75,0.0085,0.0004,0,
train,Paraguay_36015,Paraguay,ok,1.0,26.2144,0.0,0.0168,0.0,0.5324,0.7099,0.75,0.1891,0.0094,1,
train,Paraguay_12870,Paraguay,ok,1.0,26.2144,0.0,0.0612,0.0,0.7499,0.9999,0.75,0.0508,0.0039,1,
train,Paraguay_126224,Paraguay,ok,1.0,26.2144,15.0672,0.5468,0.0333,0.6188,0.7022,0.881,0.1921,0.0266,0,
train,Paraguay_215904,Paraguay,ok,0.867,22.7216,0.0,0.0,1.0,0.75,1.0,0.75,0.0266,0.0007,1,
train,Paraguay_54421,Paraguay,ok,1.0,26.2144,0.0052,0.0,0.0,0.75,1.0,0.75,0.0259,0.001,1,
train,Paraguay_247656,Paraguay,ok,1.0,26.2144,2.1396,1.9244,0.8916,1.0,1.0,1.0,0.0258,0.0737,1,
train,Paraguay_179624,Paraguay,ok,1.0,26.2128,0.0052,0.0,0.0,0.75,1.0,0.75,0.0072,0.0002,1,
train,Paraguay_1029042,Paraguay,ok,0.854,22.384,6.2608,5.628,0.8844,1.0,1.0,1.0,0.0248,0.2545,1,
train,Paraguay_246154,Paraguay,ok,1.0,26.2144,0.0044,0.0,0.0,0.75,1.0,0.75,0.0056,0.0002,1,
train,Paraguay_892933,Paraguay,ok,1.0,26.2144,2.728,0.014,0.005,0.75,1.0,0.75,0.0336,0.002,0,
train,Paraguay_11869,Paraguay,ok,0.985,25.8312,0.026,0.0492,0.1824,0.75,1.0,0.75,0.0173,0.0027,1,
train,Paraguay_921838,Paraguay,ok,1.0,26.2144,0.8084,0.0392,0.0444,0.7498,0.9997,0.75,0.0558,0.0033,0,
train,Paraguay_24341,Paraguay,ok,1.0,26.2144,7.0612,5.8924,0.83,1.0,1.0,1.0,0.0326,0.23,1,
train,Paraguay_605682,Paraguay,ok,1.0,26.2144,7.9796,0.006,0.0008,0.8206,1.0,0.821,0.0371,0.0019,0,
train,Paraguay_997480,Paraguay,ok,1.0,26.2144,2.0576,0.0,0.0,0.75,1.0,0.75,0.0294,0.0011,0,
train,Paraguay_148318,Paraguay,ok,0.918,24.052,0.2396,0.0248,0.1035,0.75,1.0,0.75,0.0103,0.0015,1,
train,Paraguay_191503,Paraguay,ok,1.0,26.2144,0.0108,0.0,0.0,0.75,1.0,0.75,0.0252,0.0005,1,
train,Paraguay_1076204,Paraguay,ok,1.0,26.2144,0.326,0.3396,0.5624,0.9459,0.9859,0.959,0.0815,0.015,1,
train,Paraguay_198534,Paraguay,ok,0.763,19.99,0.0,0.0148,0.0,0.7052,0.9402,0.75,0.1063,0.0054,1,
train,Paraguay_470303,Paraguay,ok,1.0,26.2144,1.1052,0.004,0.0036,0.75,1.0,0.75,0.024,0.0015,0,
train,Paraguay_822142,Paraguay,ok,1.0,26.2144,8.3104,6.9648,0.8281,1.0,1.0,1.0,0.0413,0.272,1,
train,Paraguay_795075,Paraguay,ok,1.0,26.2144,0.3596,0.2268,0.5935,0.999,0.999,1.0,0.061,0.0102,1,
train,Paraguay_339807,Paraguay,ok,0.821,21.5144,6.0168,5.012,0.8178,1.0,1.0,1.0,0.038,0.2378,1,
train,Paraguay_1056717,Paraguay,ok,1.0,26.2144,0.5792,0.6656,0.2786,0.2649,0.2847,0.931,0.5482,0.0427,1,
train,Paraguay_403081,Paraguay,ok,0.955,25.0436,0.13,0.0644,0.4954,0.75,1.0,0.75,0.0139,0.003,1,
train,Paraguay_149787,Paraguay,ok,1.0,26.2144,4.136,3.6108,0.8622,1.0,1.0,1.0,0.0324,0.1397,1,
train,Paraguay_36146,Paraguay,ok,1.0,26.2144,0.0,0.0,1.0,0.75,1.0,0.75,0.0253,0.0007,1,
train,Paraguay_792268,Paraguay,ok,1.0,26.214,0.152,0.088,0.4354,0.7308,0.7374,0.991,0.1785,0.0093,1,
train,Paraguay_482517,Paraguay,ok,0.991,25.9696,4.8448,4.3548,0.8897,1.0,1.0,1.0,0.0307,0.1708,1,
train,Paraguay_212687,Paraguay,ok,1.0,26.2144,1.5736,0.0,0.0,0.75,1.0,0.75,0.0021,0.0,0,
train,Paraguay_791364,Paraguay,ok,0.999,26.1796,0.1392,0.0,0.0,0.75,1.0,0.75,0.0006,0.0,1,
train,Paraguay_224845,Paraguay,skipped,0.398,,,,,,,,,,,
train,Paraguay_149830,Paraguay,ok,0.994,26.0588,0.21,0.0204,0.0971,0.75,1.0,0.75,0.0083,0.0011,1,
train,Paraguay_48673,Paraguay,ok,1.0,26.2144,0.0144,0.014,0.1452,0.75,1.0,0.75,0.0395,0.0018,1,
train,Paraguay_44682,Paraguay,ok,1.0,26.2144,0.1484,0.0,0.0,0.75,1.0,0.75,0.0024,0.0,1,
train,Paraguay_989230,Paraguay,ok,0.841,22.04,3.7692,3.0836,0.815,1.0,1.0,1.0,0.0299,0.142,1,
train,Paraguay_225187,Paraguay,ok,1.0,26.2144,0.006,0.0324,0.0,0.3056,0.4075,0.75,0.3737,0.0153,1,
train,Somalia_989553,Somalia,skipped,0.43,,,,,,,,,,,
train,Somalia_93023,Somalia,ok,0.73,19.1288,0.0,0.0592,0.0,0.2413,0.3217,0.75,0.4822,0.0238,1,
train,Somalia_371421,Somalia,ok,0.887,23.2628,3.7872,0.4128,0.0057,0.2652,0.3536,0.75,0.4359,0.0349,0,
train,Somalia_230192,Somalia,ok,0.897,23.5168,0.0068,0.55,0.0,0.1591,0.2121,0.75,0.7433,0.0557,0,
train,Somalia_886726,Somalia,ok,1.0,26.2072,8.7956,2.5264,0.2706,0.4211,0.4958,0.849,0.2994,0.1188,0,
train,Somalia_992457,Somalia,ok,0.714,18.7296,0.8716,0.0788,0.0776,0.7354,0.9805,0.75,0.0856,0.0071,0,
train,Somalia_7931,Somalia,ok,0.787,20.6184,0.0,0.0,1.0,0.75,1.0,0.75,0.0029,0.0001,1,
train,Somalia_195014,Somalia,ok,0.901,23.612,0.0,0.0,1.0,0.75,1.0,0.75,0.012,0.0005,1,
train,Somalia_32375,Somalia,ok,0.532,13.95,0.0,0.8136,0.0,0.225,0.264,0.852,0.5932,0.1132,0,
train,Somalia_1087508,Somalia,ok,0.828,21.7164,1.1024,0.66,0.2042,0.2648,0.3066,0.864,0.5073,0.0499,0,
train,Somalia_295782,Somalia,ok,0.793,20.79,1.7404,0.5204,0.089,0.2897,0.3863,0.75,0.3962,0.0392,0,
train,Somalia_970508,Somalia,ok,0.841,22.0572,4.034,5.0756,0.1608,0.4572,0.5467,0.836,0.2667,0.2643,0,
train,Somalia_626316,Somalia,ok,0.66,17.3004,2.2692,2.2672,0.3822,0.4202,0.5019,0.837,0.2952,0.1583,1,
train,Somalia_1068756,Somalia,ok,0.674,17.6584,0.696,0.0084,0.0,0.8396,0.9972,0.842,0.0668,0.004,0,
train,Somalia_205466,Somalia,ok,0.922,24.1792,0.0112,0.0352,0.0,0.7492,0.9989,0.75,0.0614,0.0035,1,
train,Spain_5923267,Spain,ok,0.837,21.9296,20.2752,19.3716,0.9516,0.9431,1.0,0.943,0.0089,0.8845,1,
train,Spain_7786924,Spain,ok,1.0,26.214,0.4332,0.104,0.1518,0.7499,0.9998,0.75,0.0533,0.0067,0,
train,Spain_7856615,Spain,ok,1.0,26.21,1.0776,0.612,0.2121,0.5164,0.5832,0.885,0.2463,0.0334,0,
train,Spain_4915752,Spain,ok,1.0,26.2144,0.8036,0.5308,0.6597,0.9452,0.9995,0.946,0.0578,0.0218,0,
train,Spain_2472849,Spain,ok,0.999,26.1904,0.0024,0.0,0.0,0.75,1.0,0.75,0.022,0.0008,1,
train,Spain_8104659,Spain,ok,1.0,26.2144,0.4088,0.5512,0.0681,0.5147,0.6863,0.75,0.1985,0.0278,1,
train,Spain_5816638,Spain,ok,1.0,26.2128,0.0448,0.006,0.1339,0.75,1.0,0.75,0.0334,0.0015,1,
train,Spain_2523247,Spain,ok,1.0,26.212,0.28,0.3124,0.0858,0.645,0.86,0.75,0.1355,0.0173,1,
train,Spain_6199994,Spain,ok,1.0,26.2088,0.0888,0.01,0.0422,0.75,1.0,0.75,0.0244,0.0016,1,
train,Spain_8154154,Spain,ok,1.0,26.2144,0.52,0.4712,0.2041,0.5871,0.6529,0.899,0.2127,0.0269,1,
train,Spain_1167260,Spain,ok,1.0,26.2132,4.6404,1.7536,0.3279,0.6235,0.7191,0.867,0.1855,0.0768,0,
train,Spain_2938657,Spain,ok,1.0,26.214,1.012,0.784,0.7615,0.9543,0.9999,0.954,0.0516,0.031,1,
train,Spain_5678382,Spain,ok,1.0,26.214,0.4168,0.2568,0.0293,0.5953,0.7937,0.75,0.1582,0.0179,1,
train,Spain_716716,Spain,ok,1.0,26.2124,0.3136,0.0436,0.139,0.9429,1.0,0.943,0.0159,0.0023,0,
train,Spain_3285448,Spain,ok,1.0,26.2144,5.6952,5.1484,0.8801,0.8597,1.0,0.86,0.0451,0.1994,1,
train,Spain_8199661,Spain,ok,1.0,26.2132,0.8904,0.5788,0.4901,0.9243,0.998,0.926,0.0649,0.0239,0,
train,Spain_337094,Spain,ok,1.0,26.2128,2.924,0.866,0.2223,0.6087,0.6515,0.934,0.2133,0.042,0,
train,Spain_2594119,Spain,ok,1.0,26.2136,0.3232,0.1964,0.4322,0.6336,0.8448,0.75,0.1407,0.0132,1,
train,Sri-Lanka_152185,Sri-Lanka,ok,1.0,26.2144,0.232,0.0676,0.1685,0.75,1.0,0.75,0.0491,0.0046,1,
train,Sri-Lanka_55568,Sri-Lanka,ok,0.82,21.506,1.56,0.0,0.0,0.7499,0.9999,0.75,0.0521,0.0025,0,
train,Sri-Lanka_92824,Sri-Lanka,ok,0.943,24.7192,5.8268,0.0072,0.0012,0.7473,0.9964,0.75,0.0686,0.0043,0,
train,Sri-Lanka_847275,Sri-Lanka,ok,0.888,23.2752,5.2272,0.0904,0.0171,0.3439,0.4585,0.75,0.3276,0.0204,0,
train,Sri-Lanka_845821,Sri-Lanka,ok,0.921,24.1408,23.5288,0.0148,0.0006,0.7428,0.9904,0.75,0.0772,0.0032,0,
train,Sri-Lanka_14484,Sri-Lanka,ok,0.891,23.3688,4.0424,0.0744,0.013,0.7499,0.9999,0.75,0.0496,0.0048,0,
train,Sri-Lanka_1038087,Sri-Lanka,ok,1.0,26.2144,2.026,0.132,0.0581,0.7271,0.9695,0.75,0.0925,0.0083,0,
train,Sri-Lanka_178753,Sri-Lanka,ok,0.97,25.436,0.072,0.0,0.0,0.75,1.0,0.75,0.0014,0.0,1,
train,Sri-Lanka_163406,Sri-Lanka,ok,1.0,26.2144,0.5252,0.01,0.019,0.75,1.0,0.75,0.0426,0.0021,0,
train,Sri-Lanka_233609,Sri-Lanka,ok,0.982,25.7296,0.7692,0.0516,0.0219,0.6773,0.9031,0.75,0.1205,0.0073,0,
train,Sri-Lanka_135713,Sri-Lanka,ok,0.519,13.6028,0.0,0.0,1.0,0.75,1.0,0.75,0.0044,0.0003,1,
train,Sri-Lanka_748447,Sri-Lanka,ok,0.957,25.0928,0.1368,0.0356,0.1493,0.75,1.0,0.75,0.0143,0.0019,1,
train,Sri-Lanka_579082,Sri-Lanka,ok,0.806,21.1296,1.5252,0.1204,0.0606,0.7096,0.9461,0.75,0.1037,0.0105,0,
train,Sri-Lanka_916628,Sri-Lanka,ok,0.992,26.0176,8.4876,0.9188,0.1081,0.2111,0.2815,0.75,0.5548,0.0569,0,
train,Sri-Lanka_883641,Sri-Lanka,ok,1.0,26.2144,1.3916,0.06,0.0251,0.5894,0.7859,0.75,0.161,0.0094,0,
train,Sri-Lanka_52223,Sri-Lanka,ok,1.0,26.2144,0.0,0.0,1.0,0.75,1.0,0.75,0.0079,0.0002,1,
train,Sri-Lanka_400518,Sri-Lanka,ok,1.0,26.2144,0.2548,0.0224,0.0678,0.75,1.0,0.75,0.0221,0.0021,1,
train,Sri-Lanka_523539,Sri-Lanka,ok,0.839,21.984,2.6436,0.1252,0.0199,0.7169,0.9559,0.75,0.0993,0.0095,0,
train,Sri-Lanka_49764,Sri-Lanka,ok,0.93,24.3908,0.2796,0.0,0.0,0.75,1.0,0.75,0.0036,0.0001,0,
train,Sri-Lanka_653336,Sri-Lanka,ok,1.0,26.2144,1.9276,0.1728,0.086,0.4465,0.5953,0.75,0.24,0.0155,0,
train,Sri-Lanka_956740,Sri-Lanka,ok,0.774,20.2912,0.8224,0.3936,0.4333,0.6708,0.8944,0.75,0.1236,0.0218,0,
train,Sri-Lanka_249079,Sri-Lanka,ok,0.643,16.8432,0.0012,0.0,0.0,0.75,1.0,0.75,0.018,0.0011,1,
train,Sri-Lanka_120804,Sri-Lanka,ok,1.0,26.2144,0.8028,0.0312,0.0368,0.7499,0.9999,0.75,0.0514,0.0039,0,
train,Sri-Lanka_551926,Sri-Lanka,ok,1.0,26.2144,2.0692,0.0188,0.0075,0.5648,0.7531,0.75,0.1727,0.0068,0,
train,USA_994009,USA,ok,1.0,26.2124,0.2248,0.1876,0.1086,0.4105,0.5474,0.75,0.2663,0.0158,1,
train,USA_66026,USA,ok,1.0,26.2144,0.1156,0.0676,0.1927,0.6132,0.8176,0.75,0.15,0.0092,1,
train,USA_11422,USA,ok,1.0,26.2144,3.7704,4.1692,0.627,0.6961,0.7746,0.899,0.165,0.1686,1,
train,USA_955053,USA,ok,1.0,26.2144,3.9064,4.0136,0.4647,0.7013,0.7772,0.902,0.164,0.1655,1,
train,USA_114964,USA,ok,1.0,26.214,0.0428,0.5332,0.0206,0.3432,0.387,0.887,0.3954,0.0332,0,
train,USA_693819,USA,ok,1.0,26.2144,0.2772,0.1976,0.1458,0.4151,0.5534,0.75,0.2628,0.0177,1,
train,USA_86502,USA,ok,1.0,26.2144,7.064,0.0172,0.0024,0.8209,0.9991,0.822,0.0601,0.0028,0,
train,USA_438959,USA,ok,0.969,25.4096,0.6812,0.618,0.5883,0.4399,0.4945,0.89,0.3004,0.0362,1,
train,USA_181263,USA,ok,0.793,20.7792,0.126,0.0956,0.0863,0.5846,0.7795,0.75,0.1632,0.011,1,
train,USA_605492,USA,ok,1.0,26.2144,0.3544,1.3652,0.0683,0.4686,0.5189,0.903,0.2839,0.0639,0,
train,USA_115033,USA,ok,1.0,26.2136,0.2672,0.1372,0.2749,0.6019,0.8025,0.75,0.1552,0.0107,1,
train,USA_375183,USA,ok,1.0,26.2132,0.7336,0.2056,0.2754,0.8807,0.9681,0.91,0.0932,0.0115,0,
train,USA_347609,USA,ok,0.781,20.4756,0.19,0.032,0.0947,0.6549,0.8186,0.8,0.1496,0.0088,1,
train,USA_908474,USA,ok,1.0,26.2128,0.2128,0.0,0.0,0.829,0.9836,0.843,0.0833,0.0028,1,
train,USA_211406,USA,ok,1.0,26.2124,0.1248,0.1512,0.2568,0.4904,0.6539,0.75,0.2123,0.0143,1,
train,USA_831672,USA,ok,1.0,26.214,2.3076,1.5484,0.2498,0.3397,0.3874,0.877,0.395,0.0814,0,
train,USA_664261,USA,ok,1.0,26.2112,0.5332,0.7044,0.3918,0.3832,0.4139,0.926,0.3673,0.0386,1,
train,USA_770353,USA,ok,1.0,26.2144,3.7416,2.7848,0.6054,0.5496,0.6301,0.872,0.223,0.1212,0,
train,USA_217598,USA,ok,0.982,25.7472,4.736,4.206,0.5257,0.5807,0.6295,0.922,0.2233,0.1837,1,
train,USA_638521,USA,ok,1.0,26.2144,0.5904,2.1404,0.0555,0.3145,0.3692,0.852,0.4161,0.1079,0,
train,USA_387945,USA,ok,1.0,26.2144,1.4936,0.5812,0.2916,0.5689,0.6109,0.931,0.2322,0.0298,0,
train,USA_224165,USA,ok,1.0,26.2144,0.0184,0.004,0.0,0.75,1.0,0.75,0.0311,0.0016,1,
train,USA_231124,USA,skipped,0.495,,,,,,,,,,,
train,USA_170264,USA,ok,1.0,26.2108,4.5884,3.026,0.6294,0.7092,0.808,0.878,0.1533,0.1252,0,
train,USA_58086,USA,ok,1.0,26.2144,1.6764,1.97,0.5336,0.4264,0.4789,0.89,0.3117,0.0909,1,
train,USA_1010394,USA,ok,1.0,26.2144,0.1748,0.2064,0.0879,0.4757,0.6343,0.75,0.2211,0.0154,1,
train,USA_198411,USA,skipped,0.323,,,,,,,,,,,
train,USA_486103,USA,ok,1.0,26.2136,0.8184,0.5092,0.0846,0.2884,0.3845,0.75,0.3983,0.0351,0,
train,USA_260929,USA,ok,1.0,26.214,0.5524,0.0748,0.0545,0.583,0.7773,0.75,0.164,0.0105,0,
train,USA_179917,USA,ok,1.0,26.2136,0.0588,0.0416,0.494,0.75,1.0,0.75,0.0412,0.0029,1,
train,USA_84195,USA,ok,1.0,26.2144,0.438,0.4416,0.3909,0.4445,0.4848,0.917,0.3073,0.0265,1,
train,USA_604222,USA,ok,1.0,26.214,0.734,1.9884,0.1485,0.2722,0.313,0.87,0.4964,0.1111,0,
train,USA_354981,USA,ok,1.0,26.212,0.1912,0.0912,0.2364,0.5164,0.6885,0.75,0.1976,0.0117,1,
train,USA_232060,USA,ok,1.0,26.214,0.1992,0.8028,0.0783,0.2305,0.2633,0.876,0.5949,0.0485,0,
train,USA_655230,USA,ok,1.0,26.214,0.1372,0.1884,0.1228,0.517,0.6893,0.75,0.1973,0.0139,1,
train,USA_652955,USA,ok,1.0,26.2144,0.9052,0.9988,0.3662,0.4338,0.4857,0.893,0.3067,0.0457,1,
train,USA_1068362,USA,ok,1.0,26.214,3.3656,2.1312,0.3984,0.4247,0.4868,0.872,0.3059,0.1029,0,
train,USA_806273,USA,ok,1.0,26.2144,0.6632,0.342,0.1345,0.512,0.6826,0.75,0.2,0.02,0,
train,USA_788696,USA,ok,1.0,26.214,11.2764,10.5864,0.8772,0.9147,0.9998,0.915,0.0539,0.4146,1,
train,USA_348639,USA,ok,1.0,26.2144,2.8796,1.9952,0.6232,0.5748,0.634,0.907,0.2212,0.0878,0,
train,USA_181503,USA,ok,1.0,26.2144,0.1436,0.0224,0.0864,0.7924,0.9243,0.857,0.1126,0.006,1,
valid,Ghana_5079,Ghana,skipped,0.0,,,,,,,,,,,
valid,Ghana_895194,Ghana,ok,0.965,25.3016,0.8972,0.2004,0.2234,0.7482,0.9976,0.75,0.0658,0.0095,0,
valid,Ghana_868803,Ghana,ok,1.0,26.2144,14.5772,4.6364,0.3165,0.6131,0.731,0.839,0.1809,0.1941,0,
valid,Ghana_142312,Ghana,ok,1.0,26.2144,0.0,0.0,1.0,0.75,1.0,0.75,0.0008,0.0,1,
valid,Ghana_234935,Ghana,skipped,0.0,,,,,,,,,,,
valid,Ghana_132163,Ghana,skipped,0.216,,,,,,,,,,,
valid,Ghana_495107,Ghana,ok,1.0,26.2144,0.4548,0.0,0.0,0.75,1.0,0.75,0.0026,0.0001,0,
valid,Ghana_124834,Ghana,ok,1.0,26.2144,0.0,0.0,1.0,0.75,1.0,0.75,0.0003,0.0,1,
valid,Ghana_1033830,Ghana,ok,0.892,23.3836,10.0012,0.064,0.0064,0.8325,0.9752,0.854,0.0891,0.006,0,
valid,Ghana_277,Ghana,skipped,0.0,,,,,,,,,,,
valid,Ghana_308249,Ghana,ok,1.0,26.2144,0.8728,0.2664,0.2999,0.8983,0.9978,0.9,0.0655,0.012,0,
valid,India_1050276,India,ok,0.975,25.5608,5.378,0.8588,0.145,0.4847,0.5041,0.962,0.2937,0.0463,0,
valid,India_764946,India,ok,0.932,24.4384,0.3448,0.03,0.0807,0.75,1.0,0.75,0.0201,0.0025,0,
valid,India_118868,India,ok,0.61,15.984,1.2144,0.0204,0.0,0.75,1.0,0.75,0.0145,0.0061,0,
valid,India_533192,India,skipped,0.467,,,,,,,,,,,
valid,India_180633,India,ok,0.632,16.5664,7.8084,6.3692,0.8046,0.7426,0.9901,0.75,0.0776,0.3889,1,
valid,India_244057,India,ok,0.633,16.596,0.0008,0.0,0.0,0.75,1.0,0.75,0.0347,0.0019,1,
valid,India_691027,India,ok,0.972,25.4904,0.9636,0.0232,0.0198,0.75,1.0,0.75,0.0314,0.0036,0,
valid,India_769408,India,ok,0.683,17.9036,0.9944,0.0496,0.0448,0.75,1.0,0.75,0.0469,0.0052,0,
valid,India_1018317,India,ok,0.757,19.8356,15.174,16.3576,0.8924,0.8932,1.0,0.893,0.02,0.8293,1,
valid,India_869358,India,ok,1.0,26.2144,0.576,0.0096,0.016,0.75,1.0,0.75,0.0246,0.0027,0,
valid,India_164336,India,ok,0.989,25.9308,0.22,0.0,0.0,0.75,1.0,0.75,0.0062,0.0003,1,
valid,India_70352,India,ok,0.916,24.02,1.3952,1.1608,0.7095,0.9777,0.9867,0.991,0.0808,0.0502,1,
valid,India_833266,India,ok,0.847,22.2096,2.0516,0.012,0.0058,0.75,1.0,0.75,0.0149,0.0011,0,
valid,India_1068117,India,ok,0.884,23.1728,5.2276,2.1752,0.3785,0.899,0.9433,0.953,0.105,0.1005,0,
valid,Mekong_1149855,Mekong,ok,0.863,22.6104,1.9024,0.4028,0.2087,0.6769,0.9026,0.75,0.1207,0.023,0,
valid,Mekong_977338,Mekong,ok,0.683,17.8972,6.692,6.4888,0.9041,0.75,1.0,0.75,0.027,0.3631,1,
valid,Mekong_474783,Mekong,ok,1.0,26.2144,0.6644,0.0,0.0,0.75,1.0,0.75,0.0032,0.0001,0,
valid,Mekong_293769,Mekong,ok,0.886,23.2316,3.1308,2.7656,0.8681,1.0,1.0,1.0,0.022,0.1211,1,
valid,Mekong_1413877,Mekong,ok,0.984,25.7828,0.2956,0.0,0.0,0.75,1.0,0.75,0.0011,0.0001,0,
valid,Mekong_98310,Mekong,ok,0.707,18.5456,8.72,8.1072,0.9185,1.0,1.0,1.0,0.0075,0.4391,1,
valid,Nigeria_31096,Nigeria,ok,0.844,22.1296,0.0976,0.0,0.0,0.75,1.0,0.75,0.0029,0.0002,1,
valid,Nigeria_984831,Nigeria,ok,0.92,24.1124,22.5056,12.3484,0.5484,0.836,0.9858,0.848,0.0816,0.5259,0,
valid,Nigeria_1095404,Nigeria,ok,0.967,25.348,4.88,2.1976,0.4098,0.6401,0.7532,0.85,0.1727,0.0938,0,
valid,Nigeria_820924,Nigeria,ok,1.0,26.2144,0.1376,0.0,0.0,0.75,1.0,0.75,0.0034,0.0002,1,
valid,Pakistan_43105,Pakistan,ok,0.998,26.1592,0.0308,0.138,0.0,0.6353,0.8471,0.75,0.1399,0.0101,1,
valid,Pakistan_94095,Pakistan,ok,0.691,18.1064,5.514,3.552,0.476,0.4009,0.5345,0.75,0.2741,0.2073,0,
valid,Pakistan_210595,Pakistan,ok,1.0,26.2144,0.0,0.0,1.0,0.75,1.0,0.75,0.0237,0.0005,1,
valid,Pakistan_1027214,Pakistan,ok,0.621,16.2852,2.452,0.9124,0.2886,0.2801,0.3734,0.75,0.4111,0.0679,0,
valid,Pakistan_336228,Pakistan,ok,0.512,13.4348,0.0,0.082,0.0,0.5376,0.7168,0.75,0.1864,0.0126,1,
valid,Pakistan_9684,Pakistan,skipped,0.438,,,,,,,,,,,
valid,Paraguay_305760,Paraguay,ok,1.0,26.2144,4.7264,0.0048,0.001,0.75,1.0,0.75,0.0015,0.0002,0,
valid,Paraguay_648632,Paraguay,ok,1.0,26.2144,1.8956,0.0676,0.0357,0.75,1.0,0.75,0.0185,0.0031,0,
valid,Paraguay_172476,Paraguay,ok,1.0,26.2144,0.3176,0.0,0.0,0.75,1.0,0.75,0.0359,0.0021,0,
valid,Paraguay_581976,Paraguay,ok,1.0,26.2076,15.4072,0.4736,0.0307,0.6008,0.7043,0.853,0.1912,0.0254,0,
valid,Paraguay_284928,Paraguay,ok,0.999,26.194,0.0,0.0,1.0,0.75,1.0,0.75,0.0003,0.0,1,
valid,Paraguay_1019808,Paraguay,ok,1.0,26.2144,0.5412,0.0,0.0,0.75,1.0,0.75,0.0009,0.0,0,
valid,Paraguay_76868,Paraguay,ok,1.0,26.214,1.8404,1.5636,0.8285,0.9372,0.9372,1.0,0.1075,0.0645,1,
valid,Paraguay_252217,Paraguay,ok,0.977,25.606,0.0376,0.0,0.0,0.75,1.0,0.75,0.0092,0.0003,1,
valid,Paraguay_205585,Paraguay,ok,1.0,26.2144,0.0,0.0,1.0,0.75,1.0,0.75,0.0027,0.0001,1,
valid,Paraguay_7894,Paraguay,ok,0.773,20.268,0.0,0.0,1.0,0.75,1.0,0.75,0.0034,0.0,1,
valid,Paraguay_896458,Paraguay,ok,0.92,24.1176,5.0492,4.5612,0.8932,1.0,1.0,1.0,0.0234,0.1903,1,
valid,Paraguay_657443,Paraguay,ok,1.0,26.2144,6.7328,6.0512,0.8773,1.0,1.0,1.0,0.034,0.2336,1,
valid,Paraguay_934240,Paraguay,ok,1.0,26.2144,2.1044,0.0,0.0,0.75,1.0,0.75,0.0011,0.0,0,
valid,Paraguay_153941,Paraguay,ok,1.0,26.2144,0.0772,0.0,0.0,0.75,1.0,0.75,0.0172,0.0007,1,
valid,Somalia_12849,Somalia,ok,0.748,19.5972,3.9724,0.03,0.0055,0.8642,0.974,0.887,0.0898,0.0059,0,
valid,Somalia_256539,Somalia,ok,0.86,22.5324,0.0016,0.048,0.0,0.617,0.8227,0.75,0.1482,0.0082,1,
valid,Somalia_61368,Somalia,ok,0.823,21.574,0.0,0.0,1.0,0.7498,0.9997,0.75,0.0554,0.0019,1,
valid,Somalia_649376,Somalia,ok,0.83,21.7668,0.5564,0.0268,0.0275,0.8046,0.9592,0.839,0.0978,0.005,0,
valid,Somalia_167787,Somalia,ok,0.856,22.44,0.0252,0.2764,0.065,0.1797,0.2396,0.75,0.656,0.0384,0,
valid,Spain_1199913,Spain,ok,1.0,26.2144,1.0712,0.6944,0.6234,0.973,0.9832,0.99,0.0836,0.0287,0,
valid,Spain_8372658,Spain,ok,1.0,26.2132,9.7308,5.7976,0.5877,0.7953,0.9687,0.821,0.0929,0.2279,0,
valid,Spain_7604243,Spain,ok,1.0,26.2136,2.1152,1.9824,0.9166,1.0,1.0,1.0,0.0296,0.0773,1,
valid,Spain_6537196,Spain,ok,1.0,26.214,0.3412,0.1532,0.1551,0.7354,0.9805,0.75,0.0856,0.0102,1,
valid,Spain_4282030,Spain,ok,1.0,26.214,10.3908,5.0144,0.4761,0.8131,0.9268,0.877,0.1116,0.2052,0,
valid,Spain_8565131,Spain,ok,1.0,26.214,5.5652,3.1036,0.5081,0.7712,0.8968,0.86,0.1227,0.1237,0,
valid,Sri-Lanka_85652,Sri-Lanka,ok,0.761,19.958,0.226,0.0,0.0,0.75,1.0,0.75,0.0056,0.0002,0,
valid,Sri-Lanka_63307,Sri-Lanka,ok,1.0,26.2144,0.7736,0.014,0.0,0.4295,0.5727,0.75,0.2519,0.0098,0,
valid,Sri-Lanka_612594,Sri-Lanka,ok,1.0,26.2144,4.4276,1.1064,0.2452,0.2242,0.2989,0.75,0.5211,0.0595,0,
valid,Sri-Lanka_132922,Sri-Lanka,ok,1.0,26.2144,2.0076,0.0,0.0,0.75,1.0,0.75,0.036,0.0015,0,
valid,Sri-Lanka_236030,Sri-Lanka,ok,0.789,20.6884,0.1848,0.046,0.2489,0.75,1.0,0.75,0.0137,0.0028,1,
valid,Sri-Lanka_31559,Sri-Lanka,ok,0.842,22.066,0.0528,0.0,0.0,0.75,1.0,0.75,0.0025,0.0001,1,
valid,Sri-Lanka_236628,Sri-Lanka,ok,1.0,26.2144,0.3432,0.0,0.0,0.75,1.0,0.75,0.0221,0.0012,0,
valid,Sri-Lanka_101973,Sri-Lanka,ok,1.0,26.2144,0.3536,0.0176,0.0022,0.7499,0.9999,0.75,0.05,0.0029,0,
valid,Sri-Lanka_321316,Sri-Lanka,ok,1.0,26.214,9.8572,0.014,0.0005,0.5281,0.7041,0.75,0.1913,0.0077,0,
valid,USA_826217,USA,ok,1.0,26.2136,0.4828,2.3564,0.1472,0.305,0.3648,0.836,0.4216,0.1146,0,
valid,USA_741073,USA,ok,1.0,26.214,0.3868,0.0436,0.107,0.6554,0.8145,0.805,0.1511,0.0083,0,
valid,USA_275372,USA,ok,1.0,26.2144,0.3076,1.0748,0.0773,0.2421,0.2793,0.867,0.5595,0.0632,0,
valid,USA_19225,USA,ok,1.0,26.2144,0.158,0.1692,0.2682,0.5567,0.7423,0.75,0.1767,0.0146,1,
valid,USA_366607,USA,ok,1.0,26.2144,5.0424,5.4856,0.741,0.7559,0.8052,0.939,0.1542,0.2307,1,
valid,USA_308150,USA,ok,1.0,26.212,0.3364,0.3364,0.2694,0.3545,0.4726,0.75,0.3165,0.0253,1,
valid,USA_1039203,USA,ok,1.0,26.2132,0.186,1.1972,0.0827,0.2608,0.3032,0.86,0.5134,0.068,0,
valid,USA_251323,USA,ok,0.996,26.1104,0.0812,0.094,0.0631,0.6881,0.9174,0.75,0.1152,0.0077,1,
valid,USA_1082482,USA,ok,1.0,26.2144,0.2476,0.084,0.2155,0.6714,0.8952,0.75,0.1233,0.0078,1,
valid,USA_225017,USA,ok,1.0,26.2144,1.764,1.5284,0.6165,0.4627,0.4883,0.948,0.3048,0.0732,1,
valid,USA_986268,USA,ok,1.0,26.214,1.0012,0.0944,0.0899,0.748,0.9974,0.75,0.0664,0.0065,0,
valid,USA_646878,USA,ok,0.965,25.2992,0.2784,0.0744,0.1791,0.7451,0.9935,0.75,0.0735,0.0053,1,
valid,USA_761032,USA,ok,1.0,26.2144,1.3512,1.708,0.1916,0.3563,0.4139,0.861,0.3673,0.0815,0,
valid,USA_741178,USA,ok,1.0,26.2144,0.1672,0.114,0.1815,0.5608,0.7477,0.75,0.1747,0.0111,1,
test,Ghana_313799,Ghana,ok,0.935,24.5184,1.5896,0.0,0.0,0.75,1.0,0.75,0.0046,0.0002,0,
test,Ghana_1078550,Ghana,ok,1.0,26.2144,0.16,0.0,0.0,0.75,1.0,0.75,0.0009,0.0,1,
test,Ghana_97059,Ghana,skipped,0.106,,,,,,,,,,,
test,Ghana_359826,Ghana,ok,1.0,26.2144,0.3884,0.0628,0.1617,0.75,1.0,0.75,0.0134,0.0029,0,
test,Ghana_319168,Ghana,ok,0.668,17.5004,4.11,1.2832,0.3018,0.5334,0.6304,0.846,0.2229,0.0812,0,
test,Ghana_866994,Ghana,skipped,0.455,,,,,,,,,,,
test,Ghana_406026,Ghana,ok,1.0,26.2144,0.4456,0.3956,0.7837,0.9999,0.9999,1.0,0.0525,0.0162,1,
test,Ghana_53713,Ghana,ok,1.0,26.2144,0.0,0.0,1.0,0.75,1.0,0.75,0.0005,0.0,1,
test,Ghana_83483,Ghana,skipped,0.0,,,,,,,,,,,
test,Ghana_167233,Ghana,ok,1.0,26.2144,0.0,0.0,1.0,0.75,1.0,0.75,0.0,0.0,1,
test,Ghana_141271,Ghana,ok,1.0,26.2144,0.186,0.0,0.0,0.75,1.0,0.75,0.0005,0.0,1,
test,India_900498,India,ok,1.0,26.2084,12.822,6.43,0.4943,0.4466,0.5955,0.75,0.2399,0.2619,0,
test,India_591317,India,ok,0.943,24.7144,11.5852,10.7676,0.8861,0.9701,1.0,0.97,0.023,0.4408,1,
test,India_747992,India,ok,1.0,26.2144,12.3352,0.0236,0.0019,0.8009,0.9892,0.81,0.0784,0.005,0,
test,India_79637,India,ok,1.0,26.2144,0.618,0.0316,0.0505,0.75,1.0,0.75,0.0075,0.0014,0,
test,India_952728,India,ok,0.735,19.2768,0.6792,0.0392,0.0515,0.75,1.0,0.75,0.0284,0.0033,0,
test,India_828067,India,ok,0.714,18.7136,0.7828,0.0488,0.0591,0.7499,0.9999,0.75,0.05,0.0068,0,
test,India_570384,India,ok,0.931,24.3984,1.5904,0.4268,0.2639,0.7496,0.9995,0.75,0.0575,0.0185,0,
test,India_44475,India,ok,0.994,26.0592,0.0,0.0,1.0,0.75,1.0,0.75,0.0008,0.0001,1,
test,India_80221,India,ok,0.587,15.3896,11.6616,11.2108,0.8902,0.75,1.0,0.75,0.0363,0.733,1,
test,India_1018327,India,ok,1.0,26.2144,3.9796,1.624,0.3952,0.7341,0.7981,0.92,0.1567,0.0671,0,
test,India_592446,India,ok,0.861,22.564,0.9944,0.3576,0.3005,0.7495,0.9993,0.75,0.0587,0.0185,0,
test,India_772630,India,ok,0.601,15.7636,0.1688,0.032,0.0,0.6886,0.9181,0.75,0.1149,0.0073,1,
test,India_631692,India,ok,1.0,26.2144,0.094,0.0,0.0,0.75,1.0,0.75,0.0011,0.0,1,
test,India_399883,India,ok,1.0,26.2144,13.9964,10.7108,0.7102,0.7036,0.9382,0.75,0.1071,0.4162,0,
test,Mekong_333434,Mekong,ok,0.787,20.6212,0.3704,0.0108,0.0074,0.75,1.0,0.75,0.0081,0.001,0,
test,Mekong_45934,Mekong,ok,0.999,26.192,0.0344,0.0,0.0,0.75,1.0,0.75,0.0005,0.0,1,
test,Mekong_1443339,Mekong,ok,1.0,26.2144,19.7648,15.034,0.7597,0.9158,1.0,0.916,0.0431,0.5795,0,
test,Mekong_382276,Mekong,ok,1.0,26.214,1.0172,0.64,0.6292,0.7482,0.9976,0.75,0.0659,0.0247,0,
test,Mekong_254910,Mekong,ok,0.797,20.89,0.0148,0.2732,0.0,0.7499,0.9998,0.75,0.054,0.0148,0,
test,Mekong_424793,Mekong,ok,0.988,25.9008,0.4496,0.0976,0.2106,0.75,1.0,0.75,0.0255,0.0045,0,
test,Nigeria_417184,Nigeria,skipped,0.194,,,,,,,,,,,
test,Nigeria_225131,Nigeria,ok,0.926,24.2684,0.1284,0.0,0.0,0.75,1.0,0.75,0.0018,0.0001,1,
test,Nigeria_812045,Nigeria,ok,0.906,23.7468,12.2396,10.0072,0.7885,0.877,0.9923,0.884,0.0751,0.4285,1,
test,Nigeria_22088,Nigeria,ok,0.8,20.9816,0.0196,0.0,0.0,0.75,1.0,0.75,0.0221,0.0015,1,
test,Pakistan_849790,Pakistan,ok,0.982,25.7456,17.8908,0.4624,0.025,0.3424,0.4565,0.75,0.3292,0.0281,0,
test,Pakistan_664885,Pakistan,skipped,0.286,,,,,,,,,,,
test,Pakistan_694942,Pakistan,ok,0.734,19.254,1.8848,1.5264,0.3356,0.2585,0.3446,0.75,0.4482,0.0984,1,
test,Pakistan_70625,Pakistan,ok,1.0,26.2144,0.498,1.0304,0.026,0.2642,0.3523,0.75,0.4377,0.052,0,
test,Pakistan_528249,Pakistan,skipped,0.296,,,,,,,,,,,
test,Pakistan_167553,Pakistan,ok,0.948,24.8384,0.16,0.2784,0.0214,0.25,0.3334,0.75,0.4643,0.0299,1,
test,Paraguay_913449,Paraguay,ok,1.0,26.2144,0.6376,0.0428,0.0578,0.75,1.0,0.75,0.0377,0.0039,0,
test,Paraguay_280900,Paraguay,ok,1.0,26.2144,0.7456,0.0604,0.0798,0.7464,0.9952,0.75,0.071,0.006,0,
test,Paraguay_790830,Paraguay,ok,0.997,26.1336,3.2564,2.9484,0.9031,1.0,1.0,1.0,0.022,0.1136,1,
test,Paraguay_232281,Paraguay,ok,0.999,26.196,3.1196,0.0,0.0,0.75,1.0,0.75,0.0015,0.0,0,
test,Paraguay_271769,Paraguay,ok,1.0,26.2144,0.3048,0.1304,0.0402,0.1862,0.2482,0.75,0.6325,0.0335,1,
test,Paraguay_40936,Paraguay,ok,0.824,21.5912,0.0,0.0,1.0,0.75,1.0,0.75,0.0458,0.0011,1,
test,Paraguay_1029191,Paraguay,ok,0.97,25.4172,5.1676,4.638,0.8815,1.0,1.0,1.0,0.0321,0.1851,1,
test,Paraguay_59731,Paraguay,ok,0.976,25.5876,0.3004,0.342,0.7176,1.0,1.0,1.0,0.0275,0.0137,1,
test,Paraguay_683296,Paraguay,ok,0.991,25.968,0.7876,0.546,0.6881,1.0,1.0,1.0,0.0291,0.0214,1,
test,Paraguay_34417,Paraguay,skipped,0.0,,,,,,,,,,,
test,Paraguay_868895,Paraguay,ok,0.677,17.7456,1.744,0.7452,0.2679,0.732,0.732,1.0,0.1806,0.0486,0,
test,Paraguay_511199,Paraguay,ok,1.0,26.2144,1.3096,0.0284,0.0214,0.75,1.0,0.75,0.0166,0.0018,0,
test,Paraguay_80102,Paraguay,ok,1.0,26.2144,0.0032,0.0,0.0,0.75,1.0,0.75,0.0024,0.0,1,
test,Paraguay_651904,Paraguay,ok,1.0,26.2144,2.7944,2.1196,0.7136,1.0,1.0,1.0,0.0253,0.0815,0,
test,Somalia_699062,Somalia,ok,0.785,20.5844,0.3576,0.0412,0.0,0.6949,0.9265,0.75,0.1117,0.007,0,
test,Somalia_60129,Somalia,ok,0.864,22.6488,0.0816,0.022,0.0,0.4006,0.5341,0.75,0.2743,0.0121,1,
test,Somalia_685158,Somalia,ok,0.719,18.8404,2.7764,0.8708,0.1427,0.3137,0.3646,0.86,0.4218,0.0671,0,
test,Somalia_166342,Somalia,ok,0.853,22.368,0.0,0.0,1.0,0.6371,0.8494,0.75,0.1391,0.0057,1,
test,Somalia_94102,Somalia,ok,0.929,24.3652,1.32,0.0,0.0,0.8229,1.0,0.823,0.0169,0.001,0,
test,Somalia_322855,Somalia,ok,0.975,25.5576,4.8748,0.5068,0.1025,0.4994,0.6659,0.75,0.2071,0.0276,0,
test,Spain_6860600,Spain,ok,1.0,26.2072,0.0308,0.0,0.0,0.75,1.0,0.75,0.0259,0.001,1,
test,Spain_7558720,Spain,ok,1.0,26.2096,0.2592,0.094,0.0126,0.7323,0.9764,0.75,0.0884,0.0077,1,
test,Spain_5650136,Spain,ok,0.656,17.2052,10.7312,8.5192,0.7816,0.9177,1.0,0.918,0.041,0.4999,0,
test,Spain_7370579,Spain,ok,1.0,26.2128,7.5748,3.2732,0.4002,0.6674,0.7946,0.84,0.1579,0.1363,0,
test,Spain_6095801,Spain,ok,1.0,26.2124,2.54,1.2916,0.2762,0.4708,0.5392,0.873,0.2712,0.0593,0,
test,Spain_7387658,Spain,ok,1.0,26.214,16.116,8.718,0.5315,0.8066,0.9564,0.843,0.0991,0.3439,0,
test,Sri-Lanka_117737,Sri-Lanka,ok,1.0,26.2144,0.7984,0.004,0.0045,0.75,1.0,0.75,0.0418,0.0023,0,
test,Sri-Lanka_1049830,Sri-Lanka,ok,0.729,19.1048,0.2676,0.0216,0.0343,0.7425,0.99,0.75,0.0777,0.0047,0,
test,Sri-Lanka_534068,Sri-Lanka,ok,1.0,26.2144,25.7388,0.0,0.0,0.75,1.0,0.75,0.031,0.001,0,
test,Sri-Lanka_922192,Sri-Lanka,ok,0.917,24.0292,0.112,0.0,0.0,0.75,1.0,0.75,0.0097,0.0004,1,
test,Sri-Lanka_377277,Sri-Lanka,ok,0.99,25.9504,0.9108,0.0936,0.0965,0.7395,0.986,0.75,0.0814,0.0068,0,
test,Sri-Lanka_649970,Sri-Lanka,ok,0.996,26.1016,1.9436,0.0148,0.0076,0.7499,0.9999,0.75,0.0513,0.0028,0,
test,Sri-Lanka_450918,Sri-Lanka,skipped,0.382,,,,,,,,,,,
test,Sri-Lanka_849649,Sri-Lanka,ok,0.834,21.8712,0.1988,0.0108,0.0543,0.75,1.0,0.75,0.0198,0.0014,1,
test,Sri-Lanka_713926,Sri-Lanka,ok,1.0,26.214,8.118,7.236,0.8649,0.8405,0.9311,0.903,0.1099,0.2913,1,
test,USA_905409,USA,ok,1.0,26.214,4.516,5.3084,0.739,0.7662,0.7946,0.964,0.1579,0.217,1,
test,USA_430764,USA,ok,1.0,26.2144,1.7552,0.7204,0.3338,0.4713,0.5143,0.916,0.2869,0.0359,0,
test,USA_350244,USA,ok,1.0,26.2144,0.1464,1.3356,0.0396,0.2501,0.2973,0.841,0.524,0.0792,0,
test,USA_527077,USA,ok,1.0,26.214,0.1904,0.094,0.199,0.4923,0.6564,0.75,0.2112,0.0121,1,
test,USA_933610,USA,ok,1.0,26.212,0.4216,0.0796,0.1888,0.8701,0.9905,0.878,0.0771,0.0052,0,
test,USA_66511,USA,ok,1.0,26.2144,0.3116,0.0096,0.0282,0.75,1.0,0.75,0.0447,0.0023,0,
test,USA_519181,USA,ok,1.0,26.2144,0.2504,0.1388,0.3311,0.6099,0.8132,0.75,0.1515,0.0115,1,
test,USA_778194,USA,ok,1.0,26.2124,0.4344,0.1324,0.2835,0.7211,0.8493,0.849,0.1392,0.0098,0,
test,USA_67102,USA,ok,1.0,26.2132,0.998,1.244,0.5883,0.4674,0.5062,0.923,0.2923,0.0572,1,
test,USA_1049586,USA,ok,1.0,26.2128,0.24,0.1144,0.3736,0.6999,0.9332,0.75,0.1091,0.0082,1,
test,USA_595451,USA,ok,1.0,26.2144,2.2336,4.4028,0.3369,0.7896,0.8435,0.936,0.1411,0.1808,0,
test,USA_670826,USA,ok,1.0,26.214,0.3432,0.0716,0.0217,0.7019,0.9359,0.75,0.108,0.0071,0,
test,USA_504150,USA,ok,1.0,26.2144,0.3612,0.1784,0.4663,0.5993,0.799,0.75,0.1564,0.0127,1,
test,USA_758178,USA,ok,1.0,26.2144,0.192,1.1688,0.05,0.2561,0.3023,0.847,0.515,0.0633,0,
bolivia,Bolivia_103757,Bolivia,skipped,0.339,,,,,,,,,,,
bolivia,Bolivia_129334,Bolivia,ok,0.911,23.8872,16.05,3.418,0.2081,0.2758,0.3677,0.75,0.4179,0.1914,0,
bolivia,Bolivia_195474,Bolivia,ok,0.998,26.1492,0.1768,0.0,0.0,0.75,1.0,0.75,0.0067,0.0002,1,
bolivia,Bolivia_23014,Bolivia,ok,0.702,18.3896,0.7848,0.2984,0.2433,0.7241,0.9655,0.75,0.0946,0.0211,0,
bolivia,Bolivia_233925,Bolivia,ok,0.574,15.0516,0.0,0.0516,0.0,0.75,1.0,0.75,0.0077,0.0049,1,
bolivia,Bolivia_242570,Bolivia,ok,0.677,17.7548,2.8924,0.05,0.004,0.6585,0.7927,0.831,0.1586,0.0097,0,
bolivia,Bolivia_290290,Bolivia,ok,0.788,20.6688,2.0548,0.3812,0.1624,0.6324,0.6324,1.0,0.222,0.0261,0,
bolivia,Bolivia_294583,Bolivia,ok,0.513,13.46,1.5892,1.2352,0.6417,0.7194,0.9592,0.75,0.0978,0.0955,0,
bolivia,Bolivia_312675,Bolivia,ok,0.617,16.172,1.03,0.028,0.0228,0.7499,0.9998,0.75,0.0542,0.0042,0,
bolivia,Bolivia_314919,Bolivia,ok,0.727,19.0676,8.7004,2.48,0.2779,0.3624,0.4832,0.75,0.3085,0.1543,0,
bolivia,Bolivia_360519,Bolivia,ok,0.931,24.4168,0.05,0.0408,0.0413,0.75,1.0,0.75,0.0038,0.0029,1,
bolivia,Bolivia_379434,Bolivia,ok,1.0,26.2144,1.2456,0.2236,0.1191,0.747,0.996,0.75,0.0694,0.0108,0,
bolivia,Bolivia_432776,Bolivia,ok,0.605,15.8524,7.4096,2.0636,0.268,0.3361,0.4481,0.75,0.3362,0.1568,0,
bolivia,Bolivia_60373,Bolivia,ok,0.765,20.0464,1.316,0.4768,0.3447,0.5838,0.7784,0.75,0.1636,0.0271,0,
bolivia,Bolivia_76104,Bolivia,ok,0.746,19.5464,0.0,0.0,1.0,0.75,1.0,0.75,0.0,0.0,1,
