split,key,event,status,valid_share,measured_km2,ref_km2,pred_km2,iou,raw,correct,after_date,before_date,error
train,train_GRD/shard-00000.tar:000000,470,ok,1.0,5.0176,0.09,0.0456,0.5067,0.6456,1,2020-10-14,2020-05-11,
train,train_GRD/shard-00000.tar:000003,470,ok,1.0,5.0176,0.006,0.0,0.0,0.75,1,2020-10-14,2020-05-11,
train,train_GRD/shard-00000.tar:000006,470,ok,1.0,5.0176,3.538,2.028,0.5725,0.8845,0,2020-10-14,2020-05-11,
train,train_GRD/shard-00000.tar:000009,470,ok,1.0,5.0176,1.2088,0.2504,0.2071,0.462,0,2020-10-14,2020-05-11,
train,train_GRD/shard-00000.tar:000012,470,ok,1.0,5.0176,0.7312,0.0424,0.058,0.3468,0,2020-10-14,2020-05-11,
train,train_GRD/shard-00000.tar:000015,470,ok,1.0,5.0176,4.302,1.974,0.4583,0.8843,0,2020-10-14,2020-05-11,
train,train_GRD/shard-00000.tar:000018,470,ok,1.0,5.0176,0.6148,0.0196,0.0305,0.1784,0,2020-10-14,2020-05-11,
train,train_GRD/shard-00000.tar:000021,470,ok,1.0,5.0176,0.3884,0.0532,0.137,0.3621,0,2020-10-14,2020-05-11,
train,train_GRD/shard-00000.tar:000024,470,ok,1.0,5.0176,1.2628,0.0608,0.0455,0.2105,0,2020-10-14,2020-05-11,
train,train_GRD/shard-00000.tar:000027,470,ok,1.0,5.0176,0.478,0.1864,0.39,0.6853,0,2020-10-14,2020-05-11,
train,train_GRD/shard-00000.tar:000030,470,ok,1.0,5.0176,0.284,0.0632,0.2225,0.5056,0,2020-10-14,2020-05-11,
train,train_GRD/shard-00000.tar:000033,470,ok,1.0,5.0176,0.028,0.0,0.0,0.75,1,2020-10-14,2020-05-11,
train,train_GRD/shard-00000.tar:000036,470,ok,1.0,5.0176,0.0312,0.0,0.0,0.0991,1,2020-10-14,2020-05-11,
train,train_GRD/shard-00000.tar:000039,470,ok,1.0,5.0176,3.6268,1.3104,0.36,0.5164,0,2020-10-14,2020-05-11,
train,train_GRD/shard-00000.tar:000042,470,ok,1.0,5.0176,0.4912,0.0,0.0,0.024,0,2020-10-14,2020-05-11,
train,train_GRD/shard-00000.tar:000045,470,ok,1.0,5.0176,0.0964,0.0,0.0,0.75,0,2020-10-14,2020-05-11,
train,train_GRD/shard-00000.tar:000048,470,ok,1.0,5.0176,0.2648,0.0484,0.0997,0.3654,0,2020-10-14,2020-05-11,
train,train_GRD/shard-00000.tar:000051,470,ok,1.0,5.0176,0.4668,0.02,0.0428,0.2394,0,2020-10-14,2020-05-11,
train,train_GRD/shard-00000.tar:000054,470,ok,1.0,5.0176,0.8604,0.3052,0.3441,0.7585,0,2020-10-14,2020-05-11,
train,train_GRD/shard-00000.tar:000057,470,ok,1.0,5.0176,2.552,1.736,0.6795,0.6965,0,2020-10-14,2020-05-11,
train,train_GRD/shard-00000.tar:001498,518,ok,1.0,5.0176,0.0,0.0,1.0,0.2411,1,2021-07-15,2021-05-28,
train,train_GRD/shard-00000.tar:001501,518,ok,1.0,5.0176,0.0,0.0,1.0,0.3846,1,2021-07-15,2021-05-28,
train,train_GRD/shard-00000.tar:001504,518,ok,1.0,5.0176,0.0,0.0136,0.0,0.485,1,2021-07-15,2021-05-28,
train,train_GRD/shard-00000.tar:001507,518,ok,1.0,5.0176,0.8,0.686,0.7921,0.8944,1,2021-07-15,2021-05-28,
train,train_GRD/shard-00000.tar:001510,518,ok,1.0,5.0176,0.0,0.0,1.0,0.75,1,2021-07-15,2021-05-28,
train,train_GRD/shard-00000.tar:001513,518,ok,1.0,5.0176,0.1084,0.0936,0.6833,0.6767,1,2021-07-15,2021-05-28,
train,train_GRD/shard-00000.tar:001516,518,ok,1.0,5.0176,0.0128,0.0,0.0,0.0258,1,2021-07-15,2021-05-28,
train,train_GRD/shard-00000.tar:001519,518,ok,1.0,5.0176,0.09,0.0,0.0,0.75,0,2021-07-15,2021-05-28,
train,train_GRD/shard-00000.tar:001522,518,ok,1.0,5.0176,0.4032,0.394,0.3821,0.7895,1,2021-07-15,2021-05-28,
train,train_GRD/shard-00000.tar:001525,518,ok,1.0,5.0176,0.018,0.0,0.0,0.75,1,2021-07-15,2021-05-28,
train,train_GRD/shard-00000.tar:001528,518,ok,1.0,5.0176,0.0772,0.0988,0.6479,0.8992,1,2021-07-15,2021-05-28,
train,train_GRD/shard-00000.tar:001531,518,ok,1.0,5.0176,0.0172,0.0,0.0,0.75,1,2021-07-15,2021-05-28,
train,train_GRD/shard-00000.tar:001534,518,ok,1.0,5.0176,0.0352,0.0,0.0,0.75,1,2021-07-15,2021-05-28,
train,train_GRD/shard-00000.tar:001537,518,ok,1.0,5.0176,0.0064,0.0,0.0,0.0311,1,2021-07-15,2021-05-28,
train,train_GRD/shard-00000.tar:001540,518,ok,1.0,5.0176,0.0676,0.0252,0.3257,0.4526,1,2021-07-15,2021-05-28,
train,train_GRD/shard-00000.tar:001543,518,ok,1.0,5.0176,0.024,0.034,0.686,0.75,1,2021-07-15,2021-05-28,
train,train_GRD/shard-00000.tar:001546,518,ok,1.0,5.0176,0.144,0.1708,0.7646,0.7469,1,2021-07-15,2021-05-28,
train,train_GRD/shard-00000.tar:001549,518,ok,1.0,5.0176,0.0028,0.0044,0.6364,0.7291,1,2021-07-15,2021-05-28,
train,train_GRD/shard-00000.tar:001552,518,ok,1.0,5.0176,0.3172,0.2732,0.7223,0.6783,1,2021-07-15,2021-05-28,
train,train_GRD/shard-00000.tar:001555,518,ok,1.0,5.0176,0.0408,0.0048,0.0,0.2012,1,2021-07-15,2021-05-28,
train,train_GRD/shard-00000.tar:002996,1111004,ok,1.0,5.0176,0.138,0.0,0.0,0.75,0,2017-08-29,2017-08-05,
train,train_GRD/shard-00000.tar:002999,1111004,ok,1.0,5.0152,0.0292,0.0,0.0,0.75,1,2017-08-29,2017-08-05,
train,train_GRD/shard-00000.tar:003002,1111004,ok,1.0,5.0176,1.1684,0.2436,0.2056,0.1587,0,2017-08-29,2017-08-05,
train,train_GRD/shard-00000.tar:003005,1111004,ok,1.0,5.0176,0.0132,0.0,0.0,0.75,1,2017-08-29,2017-08-05,
train,train_GRD/shard-00000.tar:003008,1111004,ok,1.0,5.0176,0.2252,0.0776,0.2766,0.5626,0,2017-08-29,2017-08-05,
train,train_GRD/shard-00000.tar:003011,1111004,ok,1.0,5.0176,0.1276,0.0456,0.3574,0.75,0,2017-08-29,2017-08-05,
train,train_GRD/shard-00000.tar:003014,1111004,ok,1.0,5.0176,0.2132,0.062,0.2836,0.6537,0,2017-08-29,2017-08-05,
train,train_GRD/shard-00000.tar:003017,1111004,ok,1.0,5.0176,0.474,0.0824,0.1669,0.3014,0,2017-08-29,2017-08-05,
train,train_GRD/shard-00000.tar:003020,1111004,ok,1.0,5.0176,2.5816,2.3128,0.8548,0.8962,1,2017-08-29,2017-08-05,
train,train_GRD/shard-00000.tar:003023,1111004,ok,1.0,5.0176,0.1468,0.038,0.2589,0.7358,0,2017-08-29,2017-08-05,
train,train_GRD/shard-00000.tar:003026,1111004,ok,1.0,5.0176,0.0,0.0,1.0,0.75,1,2017-08-29,2017-08-05,
train,train_GRD/shard-00000.tar:003029,1111004,ok,1.0,5.0176,0.0064,0.0,0.0,0.75,1,2017-08-29,2017-08-05,
train,train_GRD/shard-00000.tar:003032,1111004,ok,1.0,5.0176,0.0188,0.0076,0.2941,0.4934,1,2017-08-29,2017-08-05,
train,train_GRD/shard-00000.tar:003035,1111004,ok,1.0,5.0176,0.3012,0.0412,0.1368,0.5903,0,2017-08-29,2017-08-05,
train,train_GRD/shard-00000.tar:003038,1111004,ok,1.0,5.0176,0.0648,0.0,0.0,0.75,0,2017-08-29,2017-08-05,
train,train_GRD/shard-00000.tar:003041,1111004,ok,1.0,5.0176,0.3504,0.2268,0.5998,0.5047,0,2017-08-29,2017-08-05,
train,train_GRD/shard-00000.tar:003044,1111004,ok,1.0,5.0176,0.0088,0.0,0.0,0.75,1,2017-08-29,2017-08-05,
train,train_GRD/shard-00000.tar:003047,1111004,ok,0.925,4.6432,0.138,0.0,0.0,0.7426,0,2017-08-29,2017-08-05,
train,train_GRD/shard-00000.tar:003050,1111004,ok,1.0,5.0176,0.0364,0.0,0.0,0.75,1,2017-08-29,2017-08-05,
train,train_GRD/shard-00000.tar:003053,1111004,ok,1.0,5.0176,0.2512,0.024,0.0955,0.7189,0,2017-08-29,2017-08-05,
train,train_GRD/shard-00000.tar:004494,1111004,ok,1.0,5.0176,0.5264,0.5356,0.6825,0.4643,1,2017-08-29,2017-08-05,
train,train_GRD/shard-00000.tar:004497,1111004,ok,1.0,5.0176,2.0248,1.4684,0.7174,0.9435,0,2017-08-29,2017-08-05,
train,train_GRD/shard-00000.tar:004500,1111004,ok,1.0,5.0176,0.0756,0.0044,0.0582,0.7499,0,2017-08-29,2017-08-05,
train,train_GRD/shard-00000.tar:004503,1111004,ok,1.0,5.0176,1.026,0.5272,0.4355,0.2686,0,2017-08-29,2017-08-05,
train,train_GRD/shard-00000.tar:004506,1111004,ok,1.0,5.0176,0.2152,0.0308,0.1431,0.7012,0,2017-08-29,2017-08-05,
train,train_GRD/shard-00000.tar:004509,1111004,ok,1.0,5.0176,0.0288,0.0,0.0,0.75,1,2017-08-29,2017-08-05,
train,train_GRD/shard-00000.tar:004512,1111004,ok,1.0,5.0176,0.1304,0.0908,0.6458,0.6711,1,2017-08-29,2017-08-05,
train,train_GRD/shard-00000.tar:004515,1111004,ok,1.0,5.0176,0.2064,0.0776,0.3271,0.4085,0,2017-08-29,2017-08-05,
train,train_GRD/shard-00000.tar:004518,1111004,ok,1.0,5.0176,0.532,0.3208,0.5539,0.3396,0,2017-08-29,2017-08-05,
train,train_GRD/shard-00000.tar:004521,1111004,ok,1.0,5.0176,0.6832,0.4416,0.5851,0.7832,0,2017-08-29,2017-08-05,
train,train_GRD/shard-00000.tar:004524,1111004,ok,1.0,5.0176,0.7776,0.2248,0.2351,0.3387,0,2017-08-29,2017-08-05,
train,train_GRD/shard-00000.tar:004527,1111004,ok,1.0,5.0176,0.374,0.1268,0.3348,0.4513,0,2017-08-29,2017-08-05,
train,train_GRD/shard-00000.tar:004530,1111004,ok,1.0,5.0176,1.3132,0.946,0.6956,0.8257,0,2017-08-29,2017-08-05,
train,train_GRD/shard-00000.tar:004533,1111004,ok,1.0,5.0176,2.13,1.414,0.6068,0.7578,0,2017-08-29,2017-08-05,
train,train_GRD/shard-00000.tar:004536,1111004,ok,1.0,5.0176,0.288,0.046,0.1597,0.5859,0,2017-08-29,2017-08-05,
train,train_GRD/shard-00000.tar:004539,1111004,ok,1.0,5.0176,0.0032,0.0,0.0,0.75,1,2017-08-29,2017-08-05,
train,train_GRD/shard-00000.tar:004542,1111004,ok,1.0,5.0176,0.3568,0.052,0.1157,0.3775,0,2017-08-29,2017-08-05,
train,train_GRD/shard-00000.tar:004545,1111004,ok,1.0,5.0176,1.6836,0.8224,0.4689,0.3471,0,2017-08-29,2017-08-05,
train,train_GRD/shard-00000.tar:004548,1111004,ok,1.0,5.0176,0.1384,0.0144,0.104,0.7373,0,2017-08-29,2017-08-05,
train,train_GRD/shard-00000.tar:004551,1111004,ok,1.0,5.0176,0.5828,0.1952,0.334,0.2902,0,2017-08-29,2017-08-05,
train,train_GRD/shard-00001.tar:000000,1111004,ok,1.0,5.0176,0.1384,0.0256,0.1816,0.6639,0,2017-08-29,2017-08-05,
train,train_GRD/shard-00001.tar:000003,1111004,ok,1.0,5.0176,0.7368,0.5636,0.6845,0.5858,0,2017-08-29,2017-08-05,
train,train_GRD/shard-00001.tar:000006,1111004,ok,1.0,5.0176,0.1604,0.0216,0.1347,0.7474,0,2017-08-29,2017-08-05,
train,train_GRD/shard-00001.tar:000009,1111004,ok,1.0,5.0176,0.014,0.0,0.0,0.75,1,2017-08-29,2017-08-05,
train,train_GRD/shard-00001.tar:000012,1111004,ok,1.0,5.0176,2.2036,1.4028,0.636,0.5192,0,2017-08-29,2017-08-05,
train,train_GRD/shard-00001.tar:000015,1111004,ok,1.0,5.0176,0.31,0.0904,0.2916,0.4466,0,2017-08-29,2017-08-05,
train,train_GRD/shard-00001.tar:000018,1111004,ok,1.0,5.0176,0.2832,0.1576,0.4481,0.5236,0,2017-08-29,2017-08-05,
train,train_GRD/shard-00001.tar:000021,1111004,ok,1.0,5.0176,0.0624,0.0196,0.3141,0.75,1,2017-08-29,2017-08-05,
train,train_GRD/shard-00001.tar:000024,1111004,ok,0.647,3.244,0.0296,0.0,0.0,0.75,1,2017-08-29,2017-08-05,
train,train_GRD/shard-00001.tar:000027,1111004,ok,1.0,5.0176,0.0568,0.0,0.0,0.75,0,2017-08-29,2017-08-05,
train,train_GRD/shard-00001.tar:000030,1111004,ok,1.0,5.0176,0.0492,0.006,0.122,0.75,1,2017-08-29,2017-08-05,
train,train_GRD/shard-00001.tar:000033,1111004,ok,1.0,5.0176,0.6332,0.0944,0.1397,0.2411,0,2017-08-29,2017-08-05,
train,train_GRD/shard-00001.tar:000036,1111004,ok,1.0,5.0176,0.0848,0.0448,0.4931,0.3406,1,2017-08-29,2017-08-05,
train,train_GRD/shard-00001.tar:000039,1111004,ok,0.991,4.9748,0.0336,0.3172,0.0881,0.8079,0,2017-08-29,2017-08-05,
train,train_GRD/shard-00001.tar:000042,1111004,ok,1.0,5.0176,0.008,0.0,0.0,0.75,1,2017-08-29,2017-08-05,
train,train_GRD/shard-00001.tar:000045,1111004,ok,1.0,5.0176,0.9376,0.2896,0.3022,0.2398,0,2017-08-29,2017-08-05,
train,train_GRD/shard-00001.tar:000048,1111004,ok,1.0,5.0176,1.652,1.616,0.7968,0.8311,1,2017-08-29,2017-08-05,
train,train_GRD/shard-00001.tar:000051,1111004,ok,0.536,2.6876,0.0252,0.0,0.0,0.0859,1,2017-08-29,2017-08-05,
train,train_GRD/shard-00001.tar:000054,1111004,ok,1.0,5.0176,0.0888,0.01,0.1126,0.7238,0,2017-08-29,2017-08-05,
train,train_GRD/shard-00001.tar:000057,1111004,ok,1.0,5.0176,0.118,0.0292,0.1909,0.349,0,2017-08-29,2017-08-05,
train,train_GRD/shard-00001.tar:001498,1111006,ok,1.0,5.0176,1.232,0.986,0.6143,0.9224,1,2020-01-31,2020-01-19,
train,train_GRD/shard-00001.tar:001501,1111006,ok,1.0,5.0176,0.4908,0.3196,0.5609,0.7498,0,2020-01-31,2020-01-19,
train,train_GRD/shard-00001.tar:001504,1111006,ok,1.0,5.0176,1.7744,0.812,0.414,0.491,0,2020-01-31,2020-01-19,
train,train_GRD/shard-00001.tar:001507,1111006,ok,1.0,5.0176,0.0172,0.0,0.0,0.75,1,2020-01-31,2020-01-19,
train,train_GRD/shard-00001.tar:001510,1111006,ok,1.0,5.0176,0.0,0.0,1.0,0.1636,1,2020-01-31,2020-01-19,
train,train_GRD/shard-00001.tar:001513,1111006,ok,1.0,5.0176,0.1164,0.0204,0.1753,0.7497,0,2020-01-31,2020-01-19,
train,train_GRD/shard-00001.tar:001516,1111006,ok,1.0,5.0176,0.0,0.0208,0.0,0.1189,1,2020-01-31,2020-01-19,
train,train_GRD/shard-00001.tar:001519,1111006,ok,1.0,5.0176,2.3788,1.5744,0.6136,0.5204,0,2020-01-31,2020-01-19,
train,train_GRD/shard-00001.tar:001522,1111006,ok,0.853,4.2816,0.1536,0.0552,0.2083,0.4722,0,2020-01-31,2020-01-19,
train,train_GRD/shard-00001.tar:001525,1111006,ok,1.0,5.0176,0.062,0.0,0.0,0.75,0,2020-01-31,2020-01-19,
train,train_GRD/shard-00001.tar:001528,1111006,ok,1.0,5.0176,0.1948,0.3932,0.1316,0.3065,0,2020-01-31,2020-01-19,
train,train_GRD/shard-00001.tar:001531,1111006,ok,1.0,5.0176,0.0504,0.006,0.119,0.75,1,2020-01-31,2020-01-19,
train,train_GRD/shard-00001.tar:001534,1111006,ok,1.0,5.0176,2.1752,1.2728,0.5281,0.8322,0,2020-01-31,2020-01-19,
train,train_GRD/shard-00001.tar:001537,1111006,ok,1.0,5.0176,2.1348,1.6296,0.663,0.8687,0,2020-01-31,2020-01-19,
train,train_GRD/shard-00001.tar:001540,1111006,ok,1.0,5.0176,0.0052,0.0,0.0,0.487,1,2020-01-31,2020-01-19,
train,train_GRD/shard-00001.tar:001543,1111006,ok,1.0,5.0176,0.0,0.0696,0.0,0.6569,0,2020-01-31,2020-01-19,
train,train_GRD/shard-00001.tar:001546,1111006,ok,1.0,5.0176,0.0008,0.0,0.0,0.75,1,2020-01-31,2020-01-19,
train,train_GRD/shard-00001.tar:001549,1111006,ok,1.0,5.0176,2.4212,1.5508,0.5362,0.7467,0,2020-01-31,2020-01-19,
train,train_GRD/shard-00001.tar:001552,1111006,ok,1.0,5.0176,1.784,1.318,0.6724,0.894,0,2020-01-31,2020-01-19,
train,train_GRD/shard-00001.tar:001555,1111006,ok,1.0,5.0176,0.0004,0.0,0.0,0.75,1,2020-01-31,2020-01-19,
train,train_GRD/shard-00001.tar:002996,1111007,ok,1.0,5.0176,0.0,0.0,1.0,0.75,1,2019-09-18,2019-08-01,
train,train_GRD/shard-00001.tar:002999,1111007,ok,1.0,5.0176,3.6476,1.0852,0.295,0.8931,0,2019-09-18,2019-08-01,
train,train_GRD/shard-00001.tar:003002,1111007,ok,1.0,5.0176,0.0,0.0,1.0,0.1144,1,2019-09-18,2019-08-01,
train,train_GRD/shard-00001.tar:003005,1111007,ok,1.0,5.0176,0.024,0.0,0.0,0.75,1,2019-09-18,2019-08-01,
train,train_GRD/shard-00001.tar:003008,1111007,ok,1.0,5.0176,0.4956,0.1828,0.3127,0.3415,0,2019-09-18,2019-08-01,
train,train_GRD/shard-00001.tar:003011,1111007,ok,1.0,5.0176,0.474,0.4096,0.5203,0.8738,1,2019-09-18,2019-08-01,
train,train_GRD/shard-00001.tar:003014,1111007,ok,1.0,5.0176,1.314,0.182,0.1385,0.521,0,2019-09-18,2019-08-01,
train,train_GRD/shard-00001.tar:003017,1111007,ok,1.0,5.0176,0.0,0.0,1.0,0.75,1,2019-09-18,2019-08-01,
train,train_GRD/shard-00001.tar:003020,1111007,ok,0.866,4.3444,1.4652,0.0428,0.0211,0.3408,0,2019-09-18,2019-08-01,
train,train_GRD/shard-00001.tar:003023,1111007,ok,1.0,5.0176,0.0304,0.0,0.0,0.0319,1,2019-09-18,2019-08-01,
train,train_GRD/shard-00001.tar:003026,1111007,ok,1.0,5.0176,0.0,0.0,1.0,0.1179,1,2019-09-18,2019-08-01,
train,train_GRD/shard-00001.tar:003029,1111007,ok,1.0,5.0176,0.0628,0.0068,0.1083,0.75,0,2019-09-18,2019-08-01,
train,train_GRD/shard-00001.tar:003032,1111007,ok,1.0,5.0176,0.026,0.0,0.0,0.2312,1,2019-09-18,2019-08-01,
train,train_GRD/shard-00001.tar:003035,1111007,ok,1.0,5.0176,0.1104,0.0,0.0,0.6668,0,2019-09-18,2019-08-01,
train,train_GRD/shard-00001.tar:003038,1111007,ok,1.0,5.0176,0.0,0.0,1.0,0.0948,1,2019-09-18,2019-08-01,
train,train_GRD/shard-00001.tar:003041,1111007,ok,1.0,5.0176,0.0,0.0,1.0,0.75,1,2019-09-18,2019-08-01,
train,train_GRD/shard-00001.tar:003044,1111007,ok,1.0,5.0176,2.7944,2.1136,0.6404,0.9264,0,2019-09-18,2019-08-01,
train,train_GRD/shard-00001.tar:003047,1111007,ok,1.0,5.0176,0.452,0.1352,0.2274,0.3196,0,2019-09-18,2019-08-01,
train,train_GRD/shard-00001.tar:003050,1111007,ok,1.0,5.0176,0.0,0.0,1.0,0.75,1,2019-09-18,2019-08-01,
train,train_GRD/shard-00001.tar:003053,1111007,ok,1.0,5.0176,0.0,0.0,1.0,0.75,1,2019-09-18,2019-08-01,
train,train_GRD/shard-00001.tar:004494,1111009,ok,1.0,5.0176,0.6112,0.4636,0.2881,0.3284,0,2022-09-11,2022-06-19,
train,train_GRD/shard-00001.tar:004497,1111009,ok,1.0,5.0176,4.3088,0.012,0.0028,0.492,0,2022-09-11,2022-06-19,
train,train_GRD/shard-00001.tar:004500,1111009,ok,1.0,5.0176,0.122,0.0056,0.0224,0.1475,0,2022-09-11,2022-06-19,
train,train_GRD/shard-00001.tar:004503,1111009,ok,1.0,5.0176,0.6064,0.6204,0.5569,0.4716,1,2022-09-11,2022-06-19,
train,train_GRD/shard-00001.tar:004506,1111009,ok,1.0,5.0176,2.0408,1.48,0.6062,0.5001,0,2022-09-11,2022-06-19,
train,train_GRD/shard-00001.tar:004509,1111009,ok,1.0,5.0176,1.4448,0.9096,0.3918,0.8091,0,2022-09-11,2022-06-19,
train,train_GRD/shard-00001.tar:004512,1111009,ok,1.0,5.0176,0.5496,0.1832,0.1544,0.3601,0,2022-09-11,2022-06-19,
train,train_GRD/shard-00001.tar:004515,1111009,ok,1.0,5.0176,0.4096,0.4536,0.2022,0.3351,1,2022-09-11,2022-06-19,
train,train_GRD/shard-00001.tar:004518,1111009,ok,1.0,5.0176,1.6816,0.536,0.2658,0.8334,0,2022-09-11,2022-06-19,
train,train_GRD/shard-00001.tar:004521,1111009,ok,1.0,5.0176,1.4684,0.8968,0.438,0.7223,0,2022-09-11,2022-06-19,
train,train_GRD/shard-00001.tar:004524,1111009,ok,1.0,5.0176,0.5216,0.3892,0.4187,0.1931,0,2022-09-11,2022-06-19,
train,train_GRD/shard-00001.tar:004527,1111009,ok,1.0,5.0176,1.4032,0.1036,0.0567,0.2912,0,2022-09-11,2022-06-19,
train,train_GRD/shard-00001.tar:004530,1111009,ok,1.0,5.0176,4.2448,4.9984,0.8436,0.9339,1,2022-09-11,2022-06-19,
train,train_GRD/shard-00001.tar:004533,1111009,ok,1.0,5.0176,0.4288,0.4988,0.3297,0.5491,1,2022-09-11,2022-06-19,
train,train_GRD/shard-00001.tar:004536,1111009,ok,1.0,5.0176,4.7744,4.034,0.834,0.8775,1,2022-09-11,2022-06-19,
train,train_GRD/shard-00001.tar:004539,1111009,ok,1.0,5.0176,0.0432,0.018,0.0479,0.0881,1,2022-09-11,2022-06-19,
train,train_GRD/shard-00001.tar:004542,1111009,ok,1.0,5.0176,0.6788,0.2812,0.1696,0.3474,0,2022-09-11,2022-06-19,
train,train_GRD/shard-00001.tar:004545,1111009,ok,1.0,5.0176,0.5784,0.2828,0.224,0.5134,0,2022-09-11,2022-06-19,
train,train_GRD/shard-00001.tar:004548,1111009,ok,1.0,5.0176,0.106,0.0692,0.3436,0.3061,1,2022-09-11,2022-06-19,
train,train_GRD/shard-00001.tar:004551,1111009,ok,1.0,5.0176,4.7836,4.5468,0.9175,0.8506,1,2022-09-11,2022-06-19,
train,train_GRD/shard-00002.tar:000000,1111009,ok,1.0,5.0176,0.03,0.0124,0.1778,0.75,1,2022-09-11,2022-06-19,
train,train_GRD/shard-00002.tar:000003,1111009,ok,1.0,5.0176,0.0464,0.0176,0.1511,0.7498,1,2022-09-11,2022-06-19,
train,train_GRD/shard-00002.tar:000006,1111009,ok,1.0,5.0176,0.0012,0.0776,0.0,0.192,0,2022-09-11,2022-06-19,
train,train_GRD/shard-00002.tar:000009,1111009,ok,1.0,5.0176,2.4572,0.064,0.0257,0.2933,0,2022-09-11,2022-06-19,
train,train_GRD/shard-00002.tar:000012,1111009,ok,1.0,5.0176,4.7468,4.0808,0.8265,0.8671,1,2022-09-11,2022-06-19,
train,train_GRD/shard-00002.tar:000015,1111009,ok,1.0,5.0176,0.0,0.0,1.0,0.2687,1,2022-09-11,2022-06-19,
train,train_GRD/shard-00002.tar:000018,1111009,ok,1.0,5.0176,0.0092,0.0,0.0,0.0968,1,2022-09-11,2022-06-19,
train,train_GRD/shard-00002.tar:000021,1111009,ok,1.0,5.0176,0.0108,0.0,0.0,0.7496,1,2022-09-11,2022-06-19,
train,train_GRD/shard-00002.tar:000024,1111009,ok,1.0,5.0176,0.0172,0.0132,0.7674,0.75,1,2022-09-11,2022-06-19,
train,train_GRD/shard-00002.tar:000027,1111009,ok,1.0,5.0176,2.4104,2.0448,0.834,0.9431,1,2022-09-11,2022-06-19,
train,train_GRD/shard-00002.tar:000030,1111009,ok,1.0,5.0176,2.0904,1.6604,0.4307,0.626,0,2022-09-11,2022-06-19,
train,train_GRD/shard-00002.tar:000033,1111009,ok,1.0,5.0176,0.0204,0.0092,0.1212,0.7041,1,2022-09-11,2022-06-19,
train,train_GRD/shard-00002.tar:000036,1111009,ok,1.0,5.0176,0.9272,0.2036,0.0628,0.5027,0,2022-09-11,2022-06-19,
train,train_GRD/shard-00002.tar:000039,1111009,ok,1.0,5.0176,0.3076,0.2444,0.4619,0.5254,0,2022-09-11,2022-06-19,
train,train_GRD/shard-00002.tar:000042,1111009,ok,1.0,5.0176,1.3544,0.0152,0.0082,0.2625,0,2022-09-11,2022-06-19,
train,train_GRD/shard-00002.tar:000045,1111009,ok,1.0,5.0176,0.0204,0.0052,0.2308,0.164,1,2022-09-11,2022-06-19,
train,train_GRD/shard-00002.tar:000048,1111009,ok,1.0,5.0176,4.9492,4.2152,0.8517,0.8538,1,2022-09-11,2022-06-19,
train,train_GRD/shard-00002.tar:000051,1111009,ok,1.0,5.0176,3.1232,2.2276,0.5418,0.7795,0,2022-09-11,2022-06-19,
train,train_GRD/shard-00002.tar:000054,1111009,ok,1.0,5.0176,0.0528,0.0,0.0,0.047,0,2022-09-11,2022-06-19,
train,train_GRD/shard-00002.tar:000057,1111009,ok,1.0,5.0176,2.072,1.0708,0.3261,0.647,0,2022-09-11,2022-06-19,
train,train_GRD/shard-00002.tar:001498,1111009,ok,1.0,5.0176,2.7756,1.6492,0.4702,0.7957,0,2022-09-11,2022-06-19,
train,train_GRD/shard-00002.tar:001501,1111009,ok,1.0,5.0176,1.1372,0.236,0.1039,0.3348,0,2022-09-11,2022-06-19,
train,train_GRD/shard-00002.tar:001504,1111009,ok,1.0,5.0176,1.1828,0.1936,0.1158,0.9912,0,2022-09-11,2022-06-19,
train,train_GRD/shard-00002.tar:001507,1111009,ok,1.0,5.0176,1.0008,0.4336,0.3819,0.6975,0,2022-09-11,2022-06-19,
train,train_GRD/shard-00002.tar:001510,1111009,ok,1.0,5.0176,0.0616,0.1248,0.2167,0.084,0,2022-09-11,2022-06-19,
train,train_GRD/shard-00002.tar:001513,1111009,ok,1.0,5.0176,0.824,1.078,0.401,0.3442,0,2022-09-11,2022-06-19,
train,train_GRD/shard-00002.tar:001516,1111009,ok,0.991,4.9732,3.2264,2.7328,0.5819,0.6083,1,2022-09-11,2022-06-19,
train,train_GRD/shard-00002.tar:001519,1111009,ok,1.0,5.0176,1.8704,0.5184,0.2178,0.9701,0,2022-09-11,2022-06-19,
train,train_GRD/shard-00002.tar:001522,1111009,ok,1.0,5.0176,3.1828,1.8116,0.4686,0.7317,0,2022-09-11,2022-06-19,
train,train_GRD/shard-00002.tar:001525,1111009,ok,1.0,5.0176,0.8116,0.5912,0.4101,0.5042,0,2022-09-11,2022-06-19,
train,train_GRD/shard-00002.tar:001528,1111009,ok,1.0,5.0176,0.1108,0.044,0.1908,0.1165,0,2022-09-11,2022-06-19,
train,train_GRD/shard-00002.tar:001531,1111009,ok,1.0,5.0176,1.3508,0.1856,0.1314,0.8867,0,2022-09-11,2022-06-19,
train,train_GRD/shard-00002.tar:001534,1111009,ok,1.0,5.0176,3.8272,2.984,0.7344,0.8411,0,2022-09-11,2022-06-19,
train,train_GRD/shard-00002.tar:001537,1111009,ok,1.0,5.0176,0.3672,0.2056,0.3586,0.2245,0,2022-09-11,2022-06-19,
train,train_GRD/shard-00002.tar:001540,1111009,ok,1.0,5.0176,3.3044,2.7916,0.6421,0.8915,1,2022-09-11,2022-06-19,
train,train_GRD/shard-00002.tar:001543,1111009,ok,1.0,5.0176,2.462,1.0456,0.3693,0.883,0,2022-09-11,2022-06-19,
train,train_GRD/shard-00002.tar:001546,1111009,ok,1.0,5.0176,0.0228,0.1416,0.0,0.0818,0,2022-09-11,2022-06-19,
train,train_GRD/shard-00002.tar:001549,1111009,ok,1.0,5.0176,0.2368,0.0208,0.0047,0.3365,0,2022-09-11,2022-06-19,
train,train_GRD/shard-00002.tar:001552,1111009,ok,1.0,5.0176,0.134,0.036,0.2355,0.6169,0,2022-09-11,2022-06-19,
train,train_GRD/shard-00002.tar:001555,1111009,ok,1.0,5.0176,0.6408,0.378,0.3314,0.2463,0,2022-09-11,2022-06-19,
train,train_GRD/shard-00002.tar:002996,1111009,ok,1.0,5.0176,1.3852,0.614,0.2809,0.9999,0,2022-09-11,2022-06-19,
train,train_GRD/shard-00002.tar:002999,1111009,ok,1.0,5.0176,1.3136,0.0816,0.0493,0.6944,0,2022-09-11,2022-06-19,
train,train_GRD/shard-00002.tar:003002,1111009,ok,1.0,5.0176,1.604,1.08,0.4845,0.781,0,2022-09-11,2022-06-19,
train,train_GRD/shard-00002.tar:003005,1111009,ok,1.0,5.0176,2.5352,0.1212,0.0453,0.8917,0,2022-09-11,2022-06-19,
train,train_GRD/shard-00002.tar:003008,1111009,ok,1.0,5.0176,1.152,0.3844,0.184,0.5068,0,2022-09-11,2022-06-19,
train,train_GRD/shard-00002.tar:003011,1111009,ok,1.0,5.0176,0.7068,0.6856,0.8477,0.6124,1,2022-09-11,2022-06-19,
train,train_GRD/shard-00002.tar:003014,1111009,ok,1.0,5.0176,2.7268,0.3388,0.1177,0.7741,0,2022-09-11,2022-06-19,
train,train_GRD/shard-00002.tar:003017,1111009,ok,1.0,5.0176,0.47,4.0708,0.084,0.8563,0,2022-09-11,2022-06-19,
train,train_GRD/shard-00002.tar:003020,1111009,ok,1.0,5.0176,0.0028,0.0784,0.0,0.1855,0,2022-09-11,2022-06-19,
train,train_GRD/shard-00002.tar:003023,1111009,ok,1.0,5.0176,0.7112,0.1708,0.1679,0.4134,0,2022-09-11,2022-06-19,
train,train_GRD/shard-00002.tar:003026,1111009,ok,1.0,5.0176,2.442,0.5772,0.0903,0.8513,0,2022-09-11,2022-06-19,
train,train_GRD/shard-00002.tar:003029,1111009,ok,1.0,5.0176,1.5916,1.446,0.3202,0.7253,1,2022-09-11,2022-06-19,
train,train_GRD/shard-00002.tar:003032,1111009,ok,1.0,5.0176,4.4016,2.6384,0.5611,0.8272,0,2022-09-11,2022-06-19,
train,train_GRD/shard-00002.tar:003035,1111009,ok,1.0,5.0176,0.464,0.3476,0.4576,0.4022,0,2022-09-11,2022-06-19,
train,train_GRD/shard-00002.tar:003038,1111009,ok,1.0,5.0176,2.1812,0.1976,0.0762,0.2244,0,2022-09-11,2022-06-19,
train,train_GRD/shard-00002.tar:003041,1111009,ok,1.0,5.0176,0.3136,0.1668,0.3632,0.3435,0,2022-09-11,2022-06-19,
train,train_GRD/shard-00002.tar:003044,1111009,ok,1.0,5.0176,0.2456,0.0736,0.2647,0.542,0,2022-09-11,2022-06-19,
train,train_GRD/shard-00002.tar:003047,1111009,ok,1.0,5.0176,4.3936,3.7252,0.8236,0.8081,1,2022-09-11,2022-06-19,
train,train_GRD/shard-00002.tar:003050,1111009,ok,1.0,5.0176,3.7292,3.2268,0.7675,0.6889,1,2022-09-11,2022-06-19,
train,train_GRD/shard-00002.tar:003053,1111009,ok,1.0,5.0176,1.9972,0.998,0.3482,0.5546,0,2022-09-11,2022-06-19,
train,train_GRD/shard-00002.tar:004494,1111009,ok,1.0,5.0176,0.516,0.1764,0.1872,0.3402,0,2022-09-11,2022-06-19,
train,train_GRD/shard-00002.tar:004497,1111009,ok,1.0,5.0176,0.0036,0.0,0.0,0.75,1,2022-09-11,2022-06-19,
train,train_GRD/shard-00002.tar:004500,1111009,ok,1.0,5.0176,2.11,0.3992,0.1829,0.7346,0,2022-09-11,2022-06-19,
train,train_GRD/shard-00002.tar:004503,1111009,ok,1.0,5.0176,2.7916,1.9972,0.5646,0.8,0,2022-09-11,2022-06-19,
train,train_GRD/shard-00002.tar:004506,1111009,ok,1.0,5.0176,1.286,0.3808,0.2849,0.5005,0,2022-09-11,2022-06-19,
train,train_GRD/shard-00002.tar:004509,1111009,ok,1.0,5.0176,0.0,0.0236,0.0,0.1887,1,2022-09-11,2022-06-19,
train,train_GRD/shard-00002.tar:004512,1111009,ok,1.0,5.0176,0.1664,0.2344,0.1816,0.3896,0,2022-09-11,2022-06-19,
train,train_GRD/shard-00002.tar:004515,1111009,ok,1.0,5.0176,0.7804,0.2,0.2398,0.4818,0,2022-09-11,2022-06-19,
train,train_GRD/shard-00002.tar:004518,1111009,ok,1.0,5.0176,1.8468,0.26,0.1368,1.0,0,2022-09-11,2022-06-19,
train,train_GRD/shard-00002.tar:004521,1111009,ok,1.0,5.0176,3.2448,1.4228,0.4073,0.8532,0,2022-09-11,2022-06-19,
train,train_GRD/shard-00002.tar:004524,1111009,ok,1.0,5.0176,0.6852,0.1112,0.1249,0.4532,0,2022-09-11,2022-06-19,
train,train_GRD/shard-00002.tar:004527,1111009,ok,1.0,5.0176,3.3156,0.0,0.0,0.2511,0,2022-09-11,2022-06-19,
train,train_GRD/shard-00002.tar:004530,1111009,ok,1.0,5.0176,3.4284,0.4948,0.1234,0.8552,0,2022-09-11,2022-06-19,
train,train_GRD/shard-00002.tar:004533,1111009,ok,1.0,5.0176,1.6632,1.1692,0.5121,0.292,0,2022-09-11,2022-06-19,
train,train_GRD/shard-00002.tar:004536,1111009,ok,1.0,5.0176,2.2928,0.2404,0.0964,0.6697,0,2022-09-11,2022-06-19,
train,train_GRD/shard-00002.tar:004539,1111009,ok,1.0,5.0176,3.1188,0.9884,0.31,0.5682,0,2022-09-11,2022-06-19,
train,train_GRD/shard-00002.tar:004542,1111009,ok,1.0,5.0176,4.6168,3.6456,0.7581,0.8314,0,2022-09-11,2022-06-19,
train,train_GRD/shard-00002.tar:004545,1111009,ok,1.0,5.0176,3.7852,1.386,0.3165,0.807,0,2022-09-11,2022-06-19,
train,train_GRD/shard-00002.tar:004548,1111009,ok,1.0,5.0176,0.1956,0.1016,0.4234,0.3932,0,2022-09-11,2022-06-19,
train,train_GRD/shard-00002.tar:004551,1111009,ok,1.0,5.0176,1.8968,0.2836,0.1437,0.7373,0,2022-09-11,2022-06-19,
train,train_GRD/shard-00003.tar:000000,1111010,ok,1.0,5.0176,0.0396,0.0,0.0,0.1332,1,2017-03-11,2016-11-23,
train,train_GRD/shard-00003.tar:000003,1111010,ok,1.0,5.0176,0.338,0.168,0.1479,0.2034,0,2017-03-11,2016-11-23,
train,train_GRD/shard-00003.tar:000006,1111010,ok,1.0,5.0176,1.298,0.0,0.0,0.097,0,2017-03-11,2016-11-23,
train,train_GRD/shard-00003.tar:000009,1111010,skipped,0.443,,,,,,,2017-03-11,2016-11-23,
train,train_GRD/shard-00003.tar:000012,1111010,skipped,0.455,,,,,,,2017-03-11,2016-11-23,
train,train_GRD/shard-00003.tar:000015,1111010,ok,0.939,4.7112,0.0412,0.1288,0.3199,0.3542,0,2017-03-11,2016-11-23,
train,train_GRD/shard-00003.tar:000018,1111010,ok,1.0,5.0176,3.3964,0.3024,0.0876,0.7227,0,2017-03-11,2016-11-23,
train,train_GRD/shard-00003.tar:000021,1111010,ok,1.0,5.0176,4.3856,0.6824,0.1344,0.8466,0,2017-03-11,2016-11-23,
train,train_GRD/shard-00003.tar:000024,1111010,ok,1.0,5.0176,0.0804,0.0,0.0,0.0686,0,2017-03-11,2016-11-23,
train,train_GRD/shard-00003.tar:000027,1111010,ok,1.0,5.0176,2.518,0.1796,0.0708,0.8215,0,2017-03-11,2016-11-23,
train,train_GRD/shard-00003.tar:000030,1111010,ok,1.0,5.0176,1.846,0.0952,0.0516,0.2454,0,2017-03-11,2016-11-23,
train,train_GRD/shard-00003.tar:000033,1111010,ok,1.0,5.0176,0.0004,0.0,0.0,0.0072,1,2017-03-11,2016-11-23,
train,train_GRD/shard-00003.tar:000036,1111010,ok,1.0,5.0176,0.0256,0.006,0.0,0.0185,1,2017-03-11,2016-11-23,
train,train_GRD/shard-00003.tar:000039,1111010,ok,1.0,5.0176,0.1768,0.0,0.0,0.1427,0,2017-03-11,2016-11-23,
train,train_GRD/shard-00003.tar:000042,1111010,ok,1.0,5.0176,1.5308,0.0812,0.053,0.8404,0,2017-03-11,2016-11-23,
train,train_GRD/shard-00003.tar:000045,1111010,ok,1.0,5.0176,4.6376,0.8772,0.189,0.8939,0,2017-03-11,2016-11-23,
train,train_GRD/shard-00003.tar:000048,1111010,ok,1.0,5.0176,2.4504,0.1616,0.0659,0.6529,0,2017-03-11,2016-11-23,
train,train_GRD/shard-00003.tar:000051,1111010,ok,1.0,5.0176,4.48,0.3492,0.0747,0.7119,0,2017-03-11,2016-11-23,
train,train_GRD/shard-00003.tar:000054,1111010,ok,1.0,5.0176,5.0164,0.0108,0.0022,0.75,0,2017-03-11,2016-11-23,
train,train_GRD/shard-00003.tar:000057,1111010,ok,1.0,5.0176,2.466,0.0324,0.005,0.4146,0,2017-03-11,2016-11-23,
train,train_GRD/shard-00003.tar:001498,1111011,ok,1.0,5.0176,0.0,0.0,1.0,0.512,1,2020-11-13,2020-11-01,
train,train_GRD/shard-00003.tar:001501,1111011,ok,1.0,5.0176,0.0564,0.0248,0.041,0.7267,1,2020-11-13,2020-11-01,
train,train_GRD/shard-00003.tar:001504,1111011,ok,1.0,5.0176,0.3908,0.4132,0.2722,0.3257,1,2020-11-13,2020-11-01,
train,train_GRD/shard-00003.tar:001507,1111011,ok,1.0,5.0176,0.0724,0.0196,0.0,0.2994,0,2020-11-13,2020-11-01,
train,train_GRD/shard-00003.tar:001510,1111011,ok,1.0,5.0176,4.3424,4.3852,0.9195,0.8563,1,2020-11-13,2020-11-01,
train,train_GRD/shard-00003.tar:001513,1111011,ok,1.0,5.0176,1.3872,1.2676,0.9006,0.9634,1,2020-11-13,2020-11-01,
train,train_GRD/shard-00003.tar:001516,1111011,ok,1.0,5.0176,3.0796,3.082,0.9185,0.75,1,2020-11-13,2020-11-01,
train,train_GRD/shard-00003.tar:001519,1111011,ok,1.0,5.0176,0.0,0.0,1.0,0.75,1,2020-11-13,2020-11-01,
train,train_GRD/shard-00003.tar:001522,1111011,ok,0.97,4.8684,0.0,0.0204,0.0,0.6179,1,2020-11-13,2020-11-01,
train,train_GRD/shard-00003.tar:001525,1111011,ok,1.0,5.0176,0.25,0.4184,0.3925,0.5146,0,2020-11-13,2020-11-01,
train,train_GRD/shard-00003.tar:001528,1111011,ok,1.0,5.0176,0.0004,0.0,0.0,0.75,1,2020-11-13,2020-11-01,
train,train_GRD/shard-00003.tar:001531,1111011,ok,1.0,5.0176,0.4556,0.0572,0.0929,0.5934,0,2020-11-13,2020-11-01,
train,train_GRD/shard-00003.tar:001534,1111011,ok,1.0,5.0176,0.0,0.0,1.0,0.1079,1,2020-11-13,2020-11-01,
train,train_GRD/shard-00003.tar:001537,1111011,ok,1.0,5.0176,3.0288,1.4168,0.4072,0.8913,0,2020-11-13,2020-11-01,
train,train_GRD/shard-00003.tar:001540,1111011,ok,1.0,5.0176,0.5968,0.4452,0.706,0.6929,0,2020-11-13,2020-11-01,
train,train_GRD/shard-00003.tar:001543,1111011,ok,1.0,5.0176,1.5996,1.2084,0.7114,0.75,0,2020-11-13,2020-11-01,
train,train_GRD/shard-00003.tar:001546,1111011,ok,1.0,5.0176,1.0716,0.986,0.8822,1.0,1,2020-11-13,2020-11-01,
train,train_GRD/shard-00003.tar:001549,1111011,ok,1.0,5.0176,0.8216,0.83,0.6964,0.7317,1,2020-11-13,2020-11-01,
train,train_GRD/shard-00003.tar:001552,1111011,ok,1.0,5.0176,2.0332,1.6428,0.7758,0.9173,1,2020-11-13,2020-11-01,
train,train_GRD/shard-00003.tar:001555,1111011,ok,1.0,5.0176,0.2488,0.098,0.113,0.311,0,2020-11-13,2020-11-01,
train,train_GRD/shard-00003.tar:002996,1111013,ok,1.0,5.0176,0.9764,0.3976,0.3856,0.793,0,2017-05-04,2017-04-22,
train,train_GRD/shard-00003.tar:002999,1111013,ok,1.0,5.0176,0.532,0.506,0.7665,1.0,1,2017-05-04,2017-04-22,
train,train_GRD/shard-00003.tar:003002,1111013,ok,1.0,5.0176,0.0064,0.0,0.0,0.75,1,2017-05-04,2017-04-22,
train,train_GRD/shard-00003.tar:003005,1111013,ok,1.0,5.0176,0.0,0.0,1.0,0.012,1,2017-05-04,2017-04-22,
train,train_GRD/shard-00003.tar:003008,1111013,ok,1.0,5.0176,0.176,0.0,0.0,0.1574,0,2017-05-04,2017-04-22,
train,train_GRD/shard-00003.tar:003011,1111013,ok,1.0,5.0176,2.638,2.4268,0.7899,0.8405,1,2017-05-04,2017-04-22,
train,train_GRD/shard-00003.tar:003014,1111013,ok,1.0,5.0176,0.0,0.0,1.0,0.2331,1,2017-05-04,2017-04-22,
train,train_GRD/shard-00003.tar:003017,1111013,ok,1.0,5.0176,0.1548,0.1032,0.6667,0.8221,0,2017-05-04,2017-04-22,
train,train_GRD/shard-00003.tar:003020,1111013,ok,1.0,5.0176,0.0,0.0,1.0,0.0705,1,2017-05-04,2017-04-22,
train,train_GRD/shard-00003.tar:003023,1111013,ok,1.0,5.0176,0.7244,0.4156,0.4774,0.8924,0,2017-05-04,2017-04-22,
train,train_GRD/shard-00003.tar:003026,1111013,ok,1.0,5.0176,0.6004,0.0,0.0,0.5342,0,2017-05-04,2017-04-22,
train,train_GRD/shard-00003.tar:003029,1111013,ok,1.0,5.0176,0.0064,0.0072,0.2143,0.3654,1,2017-05-04,2017-04-22,
train,train_GRD/shard-00003.tar:003032,1111013,ok,1.0,5.0176,0.9332,0.2796,0.2707,0.6843,0,2017-05-04,2017-04-22,
train,train_GRD/shard-00003.tar:003035,1111013,ok,1.0,5.0176,0.0,0.0,1.0,0.0944,1,2017-05-04,2017-04-22,
train,train_GRD/shard-00003.tar:003038,1111013,ok,1.0,5.0176,0.0,0.0124,0.0,0.5432,1,2017-05-04,2017-04-22,
train,train_GRD/shard-00003.tar:003041,1111013,ok,1.0,5.0176,0.1304,0.0644,0.4758,0.5207,0,2017-05-04,2017-04-22,
train,train_GRD/shard-00003.tar:003044,1111013,ok,1.0,5.0176,0.1932,0.07,0.2163,0.511,0,2017-05-04,2017-04-22,
train,train_GRD/shard-00003.tar:003047,1111013,ok,1.0,5.0176,0.0184,0.004,0.0,0.0645,1,2017-05-04,2017-04-22,
train,train_GRD/shard-00003.tar:003050,1111013,ok,1.0,5.0176,0.0,0.0,1.0,0.75,1,2017-05-04,2017-04-22,
train,train_GRD/shard-00003.tar:003053,1111013,ok,1.0,5.0176,0.4004,0.8604,0.3436,0.5383,0,2017-05-04,2017-04-22,
train,train_GRD/shard-00003.tar:004494,1111013,ok,1.0,5.0176,0.0664,0.0,0.0,0.233,0,2017-05-04,2017-04-22,
train,train_GRD/shard-00003.tar:004497,1111013,ok,1.0,5.0176,0.0132,0.0148,0.0,0.6197,1,2017-05-04,2017-04-22,
train,train_GRD/shard-00003.tar:004500,1111013,ok,1.0,5.0176,0.0316,0.3704,0.0749,0.1611,0,2017-05-04,2017-04-22,
train,train_GRD/shard-00003.tar:004503,1111013,ok,1.0,5.0176,0.0088,0.01,0.0,0.0542,1,2017-05-04,2017-04-22,
train,train_GRD/shard-00003.tar:004506,1111013,ok,1.0,5.0176,1.3792,1.4512,0.7381,0.7826,1,2017-05-04,2017-04-22,
train,train_GRD/shard-00003.tar:004509,1111013,ok,1.0,5.0176,0.0,0.0,1.0,0.75,1,2017-05-04,2017-04-22,
train,train_GRD/shard-00003.tar:004512,1111013,ok,1.0,5.0176,0.0,0.0,1.0,0.75,1,2017-05-04,2017-04-22,
train,train_GRD/shard-00003.tar:004515,1111013,ok,1.0,5.0176,0.7664,1.084,0.3558,0.7714,0,2017-05-04,2017-04-22,
train,train_GRD/shard-00003.tar:004518,1111013,ok,1.0,5.0176,0.4384,0.1448,0.2983,0.1122,0,2017-05-04,2017-04-22,
train,train_GRD/shard-00003.tar:004521,1111013,ok,1.0,5.0176,0.0268,0.0,0.0,0.75,1,2017-05-04,2017-04-22,
train,train_GRD/shard-00003.tar:004524,1111013,ok,1.0,5.0176,0.1172,0.0504,0.43,0.5142,0,2017-05-04,2017-04-22,
train,train_GRD/shard-00003.tar:004527,1111013,ok,1.0,5.0176,0.538,0.006,0.0112,0.0959,0,2017-05-04,2017-04-22,
train,train_GRD/shard-00003.tar:004530,1111013,ok,1.0,5.0176,0.5168,0.1384,0.2409,0.3165,0,2017-05-04,2017-04-22,
train,train_GRD/shard-00003.tar:004533,1111013,ok,1.0,5.0176,0.6984,0.6452,0.8599,0.9863,1,2017-05-04,2017-04-22,
train,train_GRD/shard-00003.tar:004536,1111013,ok,1.0,5.0176,0.0,0.0,1.0,0.0598,1,2017-05-04,2017-04-22,
train,train_GRD/shard-00003.tar:004539,1111013,ok,1.0,5.0176,0.0672,0.0068,0.1012,0.6536,0,2017-05-04,2017-04-22,
train,train_GRD/shard-00003.tar:004542,1111013,ok,1.0,5.0176,0.0016,0.0,0.0,0.75,1,2017-05-04,2017-04-22,
train,train_GRD/shard-00003.tar:004545,1111013,ok,1.0,5.0176,0.3068,0.696,0.4261,0.4975,0,2017-05-04,2017-04-22,
train,train_GRD/shard-00003.tar:004548,1111013,ok,1.0,5.0176,0.0,0.0,1.0,0.75,1,2017-05-04,2017-04-22,
train,train_GRD/shard-00003.tar:004551,1111013,ok,1.0,5.0176,0.3772,0.3488,0.2791,0.0939,1,2017-05-04,2017-04-22,
train,train_GRD/shard-00004.tar:000000,1111013,ok,1.0,5.0176,1.0056,0.6312,0.5589,0.714,0,2017-05-04,2017-04-22,
train,train_GRD/shard-00004.tar:000003,1111013,ok,1.0,5.0176,1.0828,0.8032,0.6714,0.8612,0,2017-05-04,2017-04-22,
train,train_GRD/shard-00004.tar:000006,1111013,ok,1.0,5.0176,0.0032,0.0,0.0,0.3892,1,2017-05-04,2017-04-22,
train,train_GRD/shard-00004.tar:000009,1111013,ok,1.0,5.0176,1.736,1.6744,0.8917,0.9989,1,2017-05-04,2017-04-22,
train,train_GRD/shard-00004.tar:000012,1111013,ok,1.0,5.0176,0.0696,0.078,0.7656,0.8414,1,2017-05-04,2017-04-22,
train,train_GRD/shard-00004.tar:000015,1111013,ok,1.0,5.0176,2.0004,2.1336,0.8097,0.7647,1,2017-05-04,2017-04-22,
train,train_GRD/shard-00004.tar:000018,1111013,ok,1.0,5.0176,0.6876,0.344,0.4822,0.957,0,2017-05-04,2017-04-22,
train,train_GRD/shard-00004.tar:000021,1111013,ok,1.0,5.0176,0.0,0.0,1.0,0.3386,1,2017-05-04,2017-04-22,
train,train_GRD/shard-00004.tar:000024,1111013,ok,1.0,5.0176,0.0,0.0,1.0,0.2331,1,2017-05-04,2017-04-22,
train,train_GRD/shard-00004.tar:000027,1111013,ok,1.0,5.0176,0.5236,1.1892,0.2809,0.4464,0,2017-05-04,2017-04-22,
train,train_GRD/shard-00004.tar:000030,1111013,ok,1.0,5.0176,0.0,0.0,1.0,0.076,1,2017-05-04,2017-04-22,
train,train_GRD/shard-00004.tar:000033,1111013,ok,1.0,5.0176,0.0468,0.0,0.0,0.75,1,2017-05-04,2017-04-22,
train,train_GRD/shard-00004.tar:000036,1111013,ok,1.0,5.0176,0.0064,0.0072,0.0303,0.591,1,2017-05-04,2017-04-22,
train,train_GRD/shard-00004.tar:000039,1111013,ok,1.0,5.0176,0.0,0.0,1.0,0.75,1,2017-05-04,2017-04-22,
train,train_GRD/shard-00004.tar:000042,1111013,ok,1.0,5.0176,0.8024,0.6192,0.7447,0.7003,0,2017-05-04,2017-04-22,
train,train_GRD/shard-00004.tar:000045,1111013,ok,1.0,5.0176,0.0172,0.0,0.0,0.0465,1,2017-05-04,2017-04-22,
train,train_GRD/shard-00004.tar:000048,1111013,ok,1.0,5.0176,0.7316,0.5392,0.7108,0.6873,0,2017-05-04,2017-04-22,
train,train_GRD/shard-00004.tar:000051,1111013,ok,1.0,5.0176,0.1092,0.1336,0.5807,0.2507,1,2017-05-04,2017-04-22,
train,train_GRD/shard-00004.tar:000054,1111013,ok,1.0,5.0176,0.0152,0.0,0.0,0.0953,1,2017-05-04,2017-04-22,
train,train_GRD/shard-00004.tar:000057,1111013,ok,1.0,5.0176,0.0144,0.082,0.0955,0.1411,0,2017-05-04,2017-04-22,
train,train_GRD/shard-00004.tar:000413,1111013,ok,1.0,5.0176,0.0,0.0,1.0,0.1189,1,2017-05-04,2017-04-22,
train,train_GRD/shard-00004.tar:000416,1111013,ok,1.0,5.0176,0.062,0.0,0.0,0.0169,0,2017-05-04,2017-04-22,
train,train_GRD/shard-00004.tar:000419,1111013,ok,1.0,5.0176,0.212,0.3392,0.2677,0.372,0,2017-05-04,2017-04-22,
train,train_GRD/shard-00004.tar:000422,1111013,ok,1.0,5.0176,0.0,0.0,1.0,0.1437,1,2017-05-04,2017-04-22,
train,train_GRD/shard-00004.tar:000425,1111013,ok,1.0,5.0176,0.1228,0.04,0.1729,0.0835,0,2017-05-04,2017-04-22,
train,train_GRD/shard-00004.tar:000428,1111013,ok,1.0,5.0176,0.3864,0.0048,0.0082,0.5775,0,2017-05-04,2017-04-22,
train,train_GRD/shard-00004.tar:000431,1111013,ok,1.0,5.0176,0.3532,0.2376,0.6284,0.5192,0,2017-05-04,2017-04-22,
train,train_GRD/shard-00004.tar:000434,1111013,ok,1.0,5.0176,0.0548,0.0,0.0,0.2667,0,2017-05-04,2017-04-22,
train,train_GRD/shard-00004.tar:000437,1111013,ok,1.0,5.0176,0.3084,0.258,0.183,0.1379,1,2017-05-04,2017-04-22,
train,train_GRD/shard-00004.tar:000440,1111013,ok,1.0,5.0176,0.126,0.0,0.0,0.7098,0,2017-05-04,2017-04-22,
train,train_GRD/shard-00004.tar:000443,1111013,ok,1.0,5.0176,0.0,0.0,1.0,0.75,1,2017-05-04,2017-04-22,
train,train_GRD/shard-00004.tar:000446,1111013,ok,0.798,4.004,0.0444,1.3752,0.0254,0.4028,0,2017-05-04,2017-04-22,
train,train_GRD/shard-00004.tar:000449,1111013,ok,1.0,5.0176,0.0496,0.0812,0.5069,0.199,1,2017-05-04,2017-04-22,
train,train_GRD/shard-00004.tar:000452,1111013,ok,1.0,5.0176,0.3448,0.2596,0.7269,0.6291,0,2017-05-04,2017-04-22,
train,train_GRD/shard-00004.tar:000455,1111013,ok,1.0,5.0176,0.0008,0.0084,0.0455,0.6289,1,2017-05-04,2017-04-22,
train,train_GRD/shard-00004.tar:000458,1111013,ok,1.0,5.0176,0.3272,0.238,0.6075,0.5703,0,2017-05-04,2017-04-22,
train,train_GRD/shard-00004.tar:000461,1111013,ok,1.0,5.0176,0.124,0.1108,0.2958,0.8557,1,2017-05-04,2017-04-22,
train,train_GRD/shard-00004.tar:000464,1111013,ok,1.0,5.0176,0.0124,0.0048,0.3871,0.4864,1,2017-05-04,2017-04-22,
train,train_GRD/shard-00004.tar:000467,1111013,ok,1.0,5.0176,0.0032,0.0068,0.0,0.6222,1,2017-05-04,2017-04-22,
train,train_GRD/shard-00004.tar:000470,1111013,ok,1.0,5.0176,0.0,0.0,1.0,0.0712,1,2017-05-04,2017-04-22,
train,train_GRD/shard-00004.tar:000825,1111013,ok,1.0,5.0176,0.0576,0.0,0.0,0.016,0,2017-05-04,2017-04-22,
train,train_GRD/shard-00004.tar:000828,1111013,ok,1.0,5.0176,0.198,0.0936,0.2293,0.5272,0,2017-05-04,2017-04-22,
train,train_GRD/shard-00004.tar:000831,1111013,ok,1.0,5.0176,0.0216,0.0164,0.3768,0.1683,1,2017-05-04,2017-04-22,
train,train_GRD/shard-00004.tar:000834,1111013,ok,1.0,5.0176,0.8592,0.7032,0.795,0.9008,1,2017-05-04,2017-04-22,
train,train_GRD/shard-00004.tar:000837,1111013,ok,1.0,5.0176,0.0828,0.0132,0.0,0.067,0,2017-05-04,2017-04-22,
train,train_GRD/shard-00004.tar:000840,1111013,ok,1.0,5.0176,0.0,0.0,1.0,0.2157,1,2017-05-04,2017-04-22,
train,train_GRD/shard-00004.tar:000843,1111013,ok,1.0,5.0176,0.0,0.0,1.0,0.75,1,2017-05-04,2017-04-22,
train,train_GRD/shard-00004.tar:000846,1111013,ok,1.0,5.0176,0.1144,0.0232,0.2028,0.7415,0,2017-05-04,2017-04-22,
train,train_GRD/shard-00004.tar:000849,1111013,ok,1.0,5.0176,0.3632,0.0816,0.222,0.2567,0,2017-05-04,2017-04-22,
train,train_GRD/shard-00004.tar:000852,1111013,ok,1.0,5.0176,0.2776,0.1248,0.4475,0.5372,0,2017-05-04,2017-04-22,
train,train_GRD/shard-00004.tar:000855,1111013,ok,1.0,5.0176,0.0,0.0,1.0,0.512,1,2017-05-04,2017-04-22,
train,train_GRD/shard-00004.tar:000858,1111013,ok,1.0,5.0176,0.1216,0.0488,0.3108,0.0766,0,2017-05-04,2017-04-22,
train,train_GRD/shard-00004.tar:000861,1111013,ok,1.0,5.0176,0.0,0.0,1.0,0.75,1,2017-05-04,2017-04-22,
train,train_GRD/shard-00004.tar:000864,1111013,ok,1.0,5.0176,0.034,0.0,0.0,0.051,1,2017-05-04,2017-04-22,
train,train_GRD/shard-00004.tar:000867,1111013,ok,1.0,5.0176,0.2588,0.6804,0.0548,0.5236,0,2017-05-04,2017-04-22,
train,train_GRD/shard-00004.tar:000870,1111013,ok,1.0,5.0176,0.324,0.8924,0.2443,0.157,0,2017-05-04,2017-04-22,
train,train_GRD/shard-00004.tar:000873,1111013,ok,1.0,5.0176,0.286,0.1332,0.4029,0.5032,0,2017-05-04,2017-04-22,
train,train_GRD/shard-00004.tar:000876,1111013,ok,1.0,5.0176,1.0292,0.9008,0.2741,0.519,1,2017-05-04,2017-04-22,
train,train_GRD/shard-00004.tar:000879,1111013,ok,1.0,5.0176,0.0116,0.0,0.0,0.2331,1,2017-05-04,2017-04-22,
train,train_GRD/shard-00004.tar:000882,1111013,ok,1.0,5.0176,1.2912,0.7848,0.5651,0.8069,0,2017-05-04,2017-04-22,
train,train_GRD/shard-00004.tar:001237,1111013,ok,1.0,5.0176,0.1472,0.0372,0.0771,0.2049,0,2017-05-04,2017-04-22,
train,train_GRD/shard-00004.tar:001240,1111013,ok,1.0,5.0176,0.5164,0.2108,0.1119,0.1881,0,2017-05-04,2017-04-22,
train,train_GRD/shard-00004.tar:001243,1111013,ok,1.0,5.0176,0.2416,0.026,0.0949,0.5545,0,2017-05-04,2017-04-22,
train,train_GRD/shard-00004.tar:001246,1111013,ok,1.0,5.0176,0.12,0.0804,0.0416,0.1847,1,2017-05-04,2017-04-22,
train,train_GRD/shard-00004.tar:001249,1111013,ok,1.0,5.0176,0.8116,0.242,0.283,0.6763,0,2017-05-04,2017-04-22,
train,train_GRD/shard-00004.tar:001252,1111013,ok,1.0,5.0176,0.0512,0.0,0.0,0.016,0,2017-05-04,2017-04-22,
train,train_GRD/shard-00004.tar:001255,1111013,ok,1.0,5.0176,0.0,0.0,1.0,0.2323,1,2017-05-04,2017-04-22,
train,train_GRD/shard-00004.tar:001258,1111013,ok,1.0,5.0176,0.45,0.4804,0.5921,0.6837,1,2017-05-04,2017-04-22,
train,train_GRD/shard-00004.tar:001261,1111013,ok,1.0,5.0176,0.9668,0.0744,0.0342,0.3273,0,2017-05-04,2017-04-22,
train,train_GRD/shard-00004.tar:001264,1111013,ok,1.0,5.0176,0.008,0.0,0.0,0.0336,1,2017-05-04,2017-04-22,
train,train_GRD/shard-00004.tar:001267,1111013,ok,1.0,5.0176,0.0,0.0,1.0,0.7349,1,2017-05-04,2017-04-22,
train,train_GRD/shard-00004.tar:001270,1111013,ok,1.0,5.0176,0.0,0.0,1.0,0.75,1,2017-05-04,2017-04-22,
train,train_GRD/shard-00004.tar:001273,1111013,ok,1.0,5.0176,0.186,0.096,0.0014,0.2755,0,2017-05-04,2017-04-22,
train,train_GRD/shard-00004.tar:001276,1111013,ok,0.96,4.8168,0.6016,0.7312,0.5194,0.7338,0,2017-05-04,2017-04-22,
train,train_GRD/shard-00004.tar:001279,1111013,ok,1.0,5.0176,0.1436,0.0,0.0,0.7499,0,2017-05-04,2017-04-22,
train,train_GRD/shard-00004.tar:001282,1111013,ok,1.0,5.0176,0.038,0.0068,0.0,0.3055,1,2017-05-04,2017-04-22,
train,train_GRD/shard-00004.tar:001285,1111013,ok,1.0,5.0176,1.376,0.4284,0.2948,0.8428,0,2017-05-04,2017-04-22,
train,train_GRD/shard-00004.tar:001288,1111013,ok,1.0,5.0176,2.6616,1.2016,0.4411,0.9879,0,2017-05-04,2017-04-22,
train,train_GRD/shard-00004.tar:001291,1111013,ok,1.0,5.0176,0.0,0.0,1.0,0.2331,1,2017-05-04,2017-04-22,
train,train_GRD/shard-00004.tar:001294,1111013,ok,1.0,5.0176,0.2152,0.2276,0.8267,0.3978,1,2017-05-04,2017-04-22,
test,test_GRD/shard-00000.tar:000000,118,ok,1.0,5.0176,0.0,0.398,0.0,0.0386,0,2015-02-03,2014-11-11,
test,test_GRD/shard-00000.tar:000003,118,ok,1.0,5.0176,0.0,0.1176,0.0,0.0424,0,2015-02-03,2014-11-11,
test,test_GRD/shard-00000.tar:000006,118,ok,1.0,5.0176,0.27,0.24,0.5143,0.5142,1,2015-02-03,2014-11-11,
test,test_GRD/shard-00000.tar:000009,118,ok,1.0,5.0176,0.0,0.0,1.0,0.0225,1,2015-02-03,2014-11-11,
test,test_GRD/shard-00000.tar:000012,118,ok,1.0,5.0176,0.0016,0.0,0.0,0.75,1,2015-02-03,2014-11-11,
test,test_GRD/shard-00000.tar:000015,118,ok,1.0,5.0176,0.0,0.0,1.0,0.7496,1,2015-02-03,2014-11-11,
test,test_GRD/shard-00000.tar:000018,118,ok,1.0,5.0176,0.5584,0.5608,0.7061,0.4549,1,2015-02-03,2014-11-11,
test,test_GRD/shard-00000.tar:000021,118,ok,1.0,5.0176,0.0,0.0,1.0,0.0112,1,2015-02-03,2014-11-11,
test,test_GRD/shard-00000.tar:000024,118,ok,1.0,5.0176,0.0,0.0,1.0,0.0046,1,2015-02-03,2014-11-11,
test,test_GRD/shard-00000.tar:000027,118,ok,1.0,5.0176,0.0,0.0136,0.0,0.0324,1,2015-02-03,2014-11-11,
test,test_GRD/shard-00000.tar:001498,147,ok,1.0,5.0176,0.0,0.0,1.0,0.0617,1,2015-12-10,2015-06-25,
test,test_GRD/shard-00000.tar:001501,147,ok,0.718,3.6008,0.0,0.0,1.0,0.75,1,2015-12-10,2015-06-25,
test,test_GRD/shard-00000.tar:001504,147,ok,1.0,5.0176,0.0136,0.0,0.0,0.0152,1,2015-12-10,2015-06-25,
test,test_GRD/shard-00000.tar:001507,147,ok,1.0,5.0176,0.0,0.0,1.0,0.2174,1,2015-12-10,2015-06-25,
test,test_GRD/shard-00000.tar:001510,147,ok,1.0,5.0176,0.0,0.0,1.0,0.0131,1,2015-12-10,2015-06-25,
test,test_GRD/shard-00000.tar:001513,147,ok,1.0,5.0176,0.0,0.0,1.0,0.75,1,2015-12-10,2015-06-25,
test,test_GRD/shard-00000.tar:001516,147,ok,1.0,5.0176,0.0,0.0112,0.0,0.029,1,2015-12-10,2015-06-25,
test,test_GRD/shard-00000.tar:001519,147,ok,1.0,5.0176,0.0,0.0,1.0,0.8562,1,2015-12-10,2015-06-25,
test,test_GRD/shard-00000.tar:001522,147,ok,1.0,5.0176,0.0,0.0,1.0,0.2468,1,2015-12-10,2015-06-25,
test,test_GRD/shard-00000.tar:001525,147,ok,1.0,5.0176,0.0,0.0132,0.0,0.0173,1,2015-12-10,2015-06-25,
test,test_GRD/shard-00000.tar:002996,267,ok,1.0,5.0176,0.0,0.5444,0.0,0.5107,0,2018-02-02,2017-08-30,
test,test_GRD/shard-00000.tar:002999,267,ok,1.0,5.0176,0.0,0.0572,0.0,0.2284,0,2018-02-02,2017-08-30,
test,test_GRD/shard-00000.tar:003002,267,ok,1.0,5.0176,1.688,0.5144,0.22,0.5697,0,2018-02-02,2017-08-30,
test,test_GRD/shard-00000.tar:003005,267,ok,1.0,5.0176,0.8688,0.9692,0.5731,0.5885,1,2018-02-02,2017-08-30,
test,test_GRD/shard-00000.tar:003008,267,ok,1.0,5.0176,2.2804,3.0372,0.7131,0.8845,0,2018-02-02,2017-08-30,
test,test_GRD/shard-00000.tar:003011,267,ok,1.0,5.0176,0.0,0.0,1.0,0.75,1,2018-02-02,2017-08-30,
test,test_GRD/shard-00000.tar:003014,267,ok,1.0,5.0176,0.0,0.2328,0.0,0.0877,0,2018-02-02,2017-08-30,
test,test_GRD/shard-00000.tar:003017,267,ok,1.0,5.0176,4.93,4.9668,0.9862,0.8339,1,2018-02-02,2017-08-30,
test,test_GRD/shard-00000.tar:003020,267,ok,1.0,5.0176,0.0,0.5816,0.0,0.141,0,2018-02-02,2017-08-30,
test,test_GRD/shard-00000.tar:003023,267,ok,1.0,5.0176,0.0,0.1376,0.0,0.0767,0,2018-02-02,2017-08-30,
test,test_GRD/shard-00000.tar:004494,275,ok,1.0,5.0176,0.0,0.0,1.0,0.0894,1,2018-03-22,2017-08-06,
test,test_GRD/shard-00000.tar:004497,275,ok,1.0,5.0176,0.0,0.0,1.0,0.75,1,2018-03-22,2017-08-06,
test,test_GRD/shard-00000.tar:004500,275,ok,1.0,5.0176,0.0,0.0,1.0,0.75,1,2018-03-22,2017-08-06,
test,test_GRD/shard-00000.tar:004503,275,ok,1.0,5.0176,0.0652,0.0088,0.135,0.75,0,2018-03-22,2017-08-06,
test,test_GRD/shard-00000.tar:004506,275,ok,1.0,5.0176,0.1652,0.1428,0.4393,0.5673,1,2018-03-22,2017-08-06,
test,test_GRD/shard-00000.tar:004509,275,ok,1.0,5.0176,0.1384,0.1308,0.8091,0.8923,1,2018-03-22,2017-08-06,
test,test_GRD/shard-00000.tar:004512,275,ok,1.0,5.0176,0.024,0.0056,0.2333,0.75,1,2018-03-22,2017-08-06,
test,test_GRD/shard-00000.tar:004515,275,ok,1.0,5.0176,0.0,0.0,1.0,0.75,1,2018-03-22,2017-08-06,
test,test_GRD/shard-00000.tar:004518,275,ok,1.0,5.0176,0.0108,0.0128,0.2041,0.5824,1,2018-03-22,2017-08-06,
test,test_GRD/shard-00000.tar:004521,275,ok,1.0,5.0176,0.3104,0.25,0.719,0.8931,1,2018-03-22,2017-08-06,
test,test_GRD/shard-00001.tar:000000,277,ok,1.0,5.0176,0.0,0.0328,0.0,0.569,1,2018-03-27,2017-08-29,
test,test_GRD/shard-00001.tar:000003,277,ok,1.0,5.0176,0.0292,0.0112,0.0,0.6725,1,2018-03-27,2017-08-29,
test,test_GRD/shard-00001.tar:000006,277,ok,0.979,4.914,0.0,0.0,1.0,0.75,1,2018-03-27,2017-08-29,
test,test_GRD/shard-00001.tar:000009,277,ok,1.0,5.0176,0.0,0.0116,0.0,0.75,1,2018-03-27,2017-08-29,
test,test_GRD/shard-00001.tar:000012,277,ok,1.0,5.0176,0.0,0.0,1.0,0.75,1,2018-03-27,2017-08-29,
test,test_GRD/shard-00001.tar:000015,277,ok,1.0,5.0176,0.0,0.0084,0.0,0.75,1,2018-03-27,2017-08-29,
test,test_GRD/shard-00001.tar:000018,277,ok,0.98,4.9168,0.0,0.0,1.0,0.75,1,2018-03-27,2017-08-29,
test,test_GRD/shard-00001.tar:000021,277,ok,1.0,5.0176,0.9868,1.2024,0.7956,0.9467,0,2018-03-27,2017-08-29,
test,test_GRD/shard-00001.tar:000024,277,ok,1.0,5.0176,0.0,0.0284,0.0,0.6487,1,2018-03-27,2017-08-29,
test,test_GRD/shard-00001.tar:000027,277,ok,1.0,5.0176,0.0,0.0,1.0,0.75,1,2018-03-27,2017-08-29,
test,test_GRD/shard-00001.tar:001498,279,ok,1.0,5.0176,0.0,0.0,1.0,0.0399,1,2018-04-13,2017-09-15,
test,test_GRD/shard-00001.tar:001501,279,ok,1.0,5.0176,0.0,0.0,1.0,0.75,1,2018-04-13,2017-09-15,
test,test_GRD/shard-00001.tar:001504,279,ok,1.0,5.0176,0.0,0.0316,0.0,0.0377,1,2018-04-13,2017-09-15,
test,test_GRD/shard-00001.tar:001507,279,ok,1.0,5.0176,0.0,0.0,1.0,0.5296,1,2018-04-13,2017-09-15,
test,test_GRD/shard-00001.tar:001510,279,ok,1.0,5.0176,0.0,0.0108,0.0,0.1156,1,2018-04-13,2017-09-15,
test,test_GRD/shard-00001.tar:001513,279,ok,1.0,5.0176,0.0,0.0,1.0,0.7499,1,2018-04-13,2017-09-15,
test,test_GRD/shard-00001.tar:001516,279,ok,1.0,5.0176,0.0,0.024,0.0,0.0479,1,2018-04-13,2017-09-15,
test,test_GRD/shard-00001.tar:001519,279,ok,1.0,5.0176,0.0,0.0,1.0,0.75,1,2018-04-13,2017-09-15,
test,test_GRD/shard-00001.tar:001522,279,ok,1.0,5.0176,0.0,0.0,1.0,0.7499,1,2018-04-13,2017-09-15,
test,test_GRD/shard-00001.tar:001525,279,ok,1.0,5.0176,0.0,0.0088,0.0,0.75,1,2018-04-13,2017-09-15,
test,test_GRD/shard-00001.tar:002996,279,ok,1.0,5.0176,0.0,0.0,1.0,0.75,1,2018-04-19,2017-09-15,
test,test_GRD/shard-00001.tar:002999,279,ok,0.99,4.9664,0.0,0.0212,0.0,0.229,1,2018-04-19,2017-09-15,
test,test_GRD/shard-00001.tar:003002,279,ok,0.775,3.8888,0.0,0.0,1.0,0.75,1,2018-04-19,2017-09-15,
test,test_GRD/shard-00001.tar:003005,279,ok,0.99,4.966,0.0,0.0,1.0,0.2385,1,2018-04-19,2017-09-15,
test,test_GRD/shard-00001.tar:003008,279,ok,1.0,5.0176,0.0,0.01,0.0,0.75,1,2018-04-19,2017-09-15,
test,test_GRD/shard-00001.tar:003011,279,ok,1.0,5.0176,0.0,0.0116,0.0,0.3288,1,2018-04-19,2017-09-15,
test,test_GRD/shard-00001.tar:003014,279,ok,1.0,5.0176,0.0,0.0,1.0,0.75,1,2018-04-19,2017-09-15,
test,test_GRD/shard-00001.tar:003017,279,ok,1.0,5.0176,0.0,0.0,1.0,0.75,1,2018-04-19,2017-09-15,
test,test_GRD/shard-00001.tar:003020,279,ok,1.0,5.0176,0.0,0.0044,0.0,0.6238,1,2018-04-19,2017-09-15,
test,test_GRD/shard-00001.tar:003023,279,ok,1.0,5.0176,0.0,0.0,1.0,0.75,1,2018-04-19,2017-09-15,
test,test_GRD/shard-00001.tar:004494,417,ok,1.0,5.0176,0.0,0.0,1.0,0.75,1,2019-12-23,2019-08-25,
test,test_GRD/shard-00001.tar:004497,417,ok,1.0,5.0176,0.0012,0.0,0.0,0.75,1,2019-12-23,2019-08-25,
test,test_GRD/shard-00001.tar:004500,417,ok,1.0,5.0176,0.0,0.0,1.0,0.75,1,2019-12-23,2019-08-25,
test,test_GRD/shard-00001.tar:004503,417,ok,1.0,5.0176,0.0,0.0,1.0,0.75,1,2019-12-23,2019-08-25,
test,test_GRD/shard-00001.tar:004506,417,ok,1.0,5.0176,0.0,0.0132,0.0,0.6804,1,2019-12-23,2019-08-25,
test,test_GRD/shard-00001.tar:004509,417,ok,1.0,5.0176,0.0,0.0,1.0,0.75,1,2019-12-23,2019-08-25,
test,test_GRD/shard-00001.tar:004512,417,ok,1.0,5.0176,0.06,0.0276,0.46,0.7486,1,2019-12-23,2019-08-25,
test,test_GRD/shard-00001.tar:004515,417,ok,1.0,5.0176,0.5276,0.2472,0.438,0.9035,0,2019-12-23,2019-08-25,
test,test_GRD/shard-00001.tar:004518,417,ok,1.0,5.0176,0.0,0.0,1.0,0.75,1,2019-12-23,2019-08-25,
test,test_GRD/shard-00001.tar:004521,417,ok,1.0,5.0176,0.0,0.0,1.0,0.75,1,2019-12-23,2019-08-25,
test,test_GRD/shard-00002.tar:000000,427,ok,1.0,5.0176,0.0,0.0,1.0,0.9073,1,2020-02-22,2019-07-09,
test,test_GRD/shard-00002.tar:000003,427,ok,1.0,5.0176,0.0,0.1096,0.0,0.0269,0,2020-02-22,2019-07-09,
test,test_GRD/shard-00002.tar:000006,427,ok,1.0,5.0176,0.0,0.0112,0.0,0.374,1,2020-02-22,2019-07-09,
test,test_GRD/shard-00002.tar:000009,427,ok,1.0,5.0176,0.0,0.0,1.0,0.75,1,2020-02-22,2019-07-09,
test,test_GRD/shard-00002.tar:000012,427,ok,1.0,5.0176,0.0,0.0,1.0,0.1736,1,2020-02-22,2019-07-09,
test,test_GRD/shard-00002.tar:000015,427,ok,1.0,5.0176,0.0,0.0,1.0,0.75,1,2020-02-22,2019-07-09,
test,test_GRD/shard-00002.tar:000018,427,ok,1.0,5.0176,0.0,0.0,1.0,0.75,1,2020-02-22,2019-07-09,
test,test_GRD/shard-00002.tar:000021,427,ok,1.0,5.0176,2.0676,0.0044,0.0021,0.0086,0,2020-02-22,2019-07-09,
test,test_GRD/shard-00002.tar:000024,427,ok,1.0,5.0176,0.0,0.0,1.0,0.7095,1,2020-02-22,2019-07-09,
test,test_GRD/shard-00002.tar:000027,427,ok,1.0,5.0176,0.0,0.0,1.0,0.7485,1,2020-02-22,2019-07-09,
test,test_GRD/shard-00002.tar:001498,427,ok,1.0,5.0176,0.0,0.0,1.0,0.75,1,2020-02-22,2019-07-09,
test,test_GRD/shard-00002.tar:001501,427,ok,1.0,5.0176,0.0,0.0224,0.0,0.5932,1,2020-02-22,2019-07-09,
test,test_GRD/shard-00002.tar:001504,427,ok,1.0,5.0176,0.0,0.0,1.0,0.75,1,2020-02-22,2019-07-09,
test,test_GRD/shard-00002.tar:001507,427,ok,1.0,5.0176,0.0,0.0,1.0,0.0426,1,2020-02-22,2019-07-09,
test,test_GRD/shard-00002.tar:001510,427,ok,1.0,5.0176,0.0,0.0144,0.0,0.0308,1,2020-02-22,2019-07-09,
test,test_GRD/shard-00002.tar:001513,427,ok,1.0,5.0176,0.0,0.0,1.0,0.8344,1,2020-02-22,2019-07-09,
test,test_GRD/shard-00002.tar:001516,427,ok,1.0,5.0176,0.0,0.0,1.0,0.75,1,2020-02-22,2019-07-09,
test,test_GRD/shard-00002.tar:001519,427,ok,1.0,5.0176,0.0,0.0712,0.0,0.3922,0,2020-02-22,2019-07-09,
test,test_GRD/shard-00002.tar:001522,427,ok,1.0,5.0176,0.0,0.0,1.0,0.75,1,2020-02-22,2019-07-09,
test,test_GRD/shard-00002.tar:001525,427,ok,1.0,5.0176,0.0,0.014,0.0,0.7795,1,2020-02-22,2019-07-09,
test,test_GRD/shard-00002.tar:002996,427,ok,1.0,5.0176,0.0,0.0,1.0,0.0239,1,2020-02-22,2019-07-09,
test,test_GRD/shard-00002.tar:002999,427,ok,1.0,5.0176,0.076,0.0,0.0,0.75,0,2020-02-22,2019-07-09,
test,test_GRD/shard-00002.tar:003002,427,ok,1.0,5.0176,0.0,0.0,1.0,0.89,1,2020-02-22,2019-07-09,
test,test_GRD/shard-00002.tar:003005,427,ok,1.0,5.0176,0.0,0.0,1.0,0.75,1,2020-02-22,2019-07-09,
test,test_GRD/shard-00002.tar:003008,427,ok,1.0,5.0176,0.0,0.0,1.0,0.1189,1,2020-02-22,2019-07-09,
test,test_GRD/shard-00002.tar:003011,427,ok,1.0,5.0176,0.0,0.0,1.0,0.75,1,2020-02-22,2019-07-09,
test,test_GRD/shard-00002.tar:003014,427,ok,1.0,5.0176,0.0,0.0,1.0,0.1688,1,2020-02-22,2019-07-09,
test,test_GRD/shard-00002.tar:003017,427,ok,1.0,5.0176,0.0,0.0,1.0,0.4323,1,2020-02-22,2019-07-09,
test,test_GRD/shard-00002.tar:003020,427,ok,1.0,5.0176,0.0,0.0,1.0,0.253,1,2020-02-22,2019-07-09,
test,test_GRD/shard-00002.tar:003023,427,ok,1.0,5.0176,0.0,0.0,1.0,0.75,1,2020-02-22,2019-07-09,
test,test_GRD/shard-00002.tar:004494,445,ok,1.0,5.0176,0.0,0.0,1.0,0.7499,1,2020-06-26,2020-06-14,
test,test_GRD/shard-00002.tar:004497,445,ok,1.0,5.0176,0.1668,0.0888,0.5324,0.7349,0,2020-06-26,2020-06-14,
test,test_GRD/shard-00002.tar:004500,445,ok,1.0,5.0176,0.0,0.0,1.0,0.75,1,2020-06-26,2020-06-14,
test,test_GRD/shard-00002.tar:004503,445,ok,1.0,5.0176,0.072,0.0764,0.3063,0.5687,1,2020-06-26,2020-06-14,
test,test_GRD/shard-00002.tar:004506,445,ok,1.0,5.0176,0.0,0.0,1.0,0.75,1,2020-06-26,2020-06-14,
test,test_GRD/shard-00002.tar:004509,445,ok,1.0,5.0176,0.0,0.0,1.0,0.75,1,2020-06-26,2020-06-14,
test,test_GRD/shard-00002.tar:004512,445,ok,1.0,5.0176,0.0,0.0,1.0,0.75,1,2020-06-26,2020-06-14,
test,test_GRD/shard-00002.tar:004515,445,ok,1.0,5.0176,0.0,0.0,1.0,0.75,1,2020-06-26,2020-06-14,
test,test_GRD/shard-00002.tar:004518,445,ok,1.0,5.0176,0.1492,0.1456,0.7888,0.3495,1,2020-06-26,2020-06-14,
test,test_GRD/shard-00002.tar:004521,445,ok,1.0,5.0176,0.0,0.0,1.0,0.75,1,2020-06-26,2020-06-14,
test,test_GRD/shard-00003.tar:000000,492,ok,1.0,5.0176,0.564,0.4384,0.6283,0.8596,0,2021-01-02,2020-07-30,
test,test_GRD/shard-00003.tar:000003,492,ok,1.0,5.0176,0.694,0.6956,0.6996,0.6714,1,2021-01-02,2020-07-30,
test,test_GRD/shard-00003.tar:000006,492,ok,1.0,5.0176,0.0,0.2464,0.0,0.1594,0,2021-01-02,2020-07-30,
test,test_GRD/shard-00003.tar:000009,492,ok,1.0,5.0176,0.038,0.0252,0.6458,0.75,1,2021-01-02,2020-07-30,
test,test_GRD/shard-00003.tar:000012,492,ok,1.0,5.0176,0.0,0.0,1.0,0.75,1,2021-01-02,2020-07-30,
test,test_GRD/shard-00003.tar:000015,492,ok,1.0,5.0176,0.0052,0.0,0.0,0.1883,1,2021-01-02,2020-07-30,
test,test_GRD/shard-00003.tar:000018,492,ok,1.0,5.0176,0.0,0.0,1.0,0.75,1,2021-01-02,2020-07-30,
test,test_GRD/shard-00003.tar:000021,492,ok,1.0,5.0176,0.0,0.0,1.0,0.75,1,2021-01-02,2020-07-30,
test,test_GRD/shard-00003.tar:000024,492,ok,1.0,5.0176,0.1032,0.05,0.4845,0.7497,0,2021-01-02,2020-07-30,
test,test_GRD/shard-00003.tar:000027,492,ok,1.0,5.0176,0.0,0.012,0.0,0.7447,1,2021-01-02,2020-07-30,
test,test_GRD/shard-00003.tar:001498,502,ok,1.0,5.0176,0.4524,0.232,0.5035,0.5875,0,2021-02-23,2021-02-11,
test,test_GRD/shard-00003.tar:001501,502,ok,1.0,5.0176,0.0,0.0,1.0,0.75,1,2021-02-23,2021-02-11,
test,test_GRD/shard-00003.tar:001504,502,ok,1.0,5.0176,0.0,0.0,1.0,0.75,1,2021-02-23,2021-02-11,
test,test_GRD/shard-00003.tar:001507,502,ok,1.0,5.0176,0.4588,0.1916,0.4102,0.3189,0,2021-02-23,2021-02-11,
test,test_GRD/shard-00003.tar:001510,502,ok,1.0,5.0176,0.514,0.2268,0.4412,0.6467,0,2021-02-23,2021-02-11,
test,test_GRD/shard-00003.tar:001513,502,ok,1.0,5.0176,0.0,0.0,1.0,0.75,1,2021-02-23,2021-02-11,
test,test_GRD/shard-00003.tar:001516,502,ok,0.98,4.9188,0.0,0.0,1.0,0.75,1,2021-02-23,2021-02-11,
test,test_GRD/shard-00003.tar:001519,502,ok,1.0,5.0176,0.3792,0.1808,0.4433,0.4173,0,2021-02-23,2021-02-11,
test,test_GRD/shard-00003.tar:001522,502,ok,1.0,5.0176,0.0,0.0088,0.0,0.0997,1,2021-02-23,2021-02-11,
test,test_GRD/shard-00003.tar:001525,502,ok,1.0,5.0176,0.0,0.0,1.0,0.75,1,2021-02-23,2021-02-11,
test,test_GRD/shard-00003.tar:002996,518,ok,1.0,5.0176,0.0,0.0,1.0,0.75,1,2021-07-15,2021-05-28,
test,test_GRD/shard-00003.tar:002999,518,ok,1.0,5.0176,0.0,0.0,1.0,0.75,1,2021-07-15,2021-05-28,
test,test_GRD/shard-00003.tar:003002,518,ok,1.0,5.0176,0.0,0.0,1.0,0.75,1,2021-07-15,2021-05-28,
test,test_GRD/shard-00003.tar:003005,518,ok,1.0,5.0176,0.0,0.0,1.0,0.75,1,2021-07-15,2021-05-28,
test,test_GRD/shard-00003.tar:003008,518,ok,1.0,5.0176,0.0,0.0,1.0,0.75,1,2021-07-15,2021-05-28,
test,test_GRD/shard-00003.tar:003011,518,ok,1.0,5.0176,0.0,0.0,1.0,0.75,1,2021-07-15,2021-05-28,
test,test_GRD/shard-00003.tar:003014,518,ok,1.0,5.0176,0.0,0.0136,0.0,0.485,1,2021-07-15,2021-05-28,
test,test_GRD/shard-00003.tar:003017,518,ok,1.0,5.0176,0.0,0.0,1.0,0.75,1,2021-07-15,2021-05-28,
test,test_GRD/shard-00003.tar:003020,518,ok,1.0,5.0176,0.0,0.0,1.0,0.75,1,2021-07-15,2021-05-28,
test,test_GRD/shard-00003.tar:003023,518,ok,1.0,5.0176,0.0,0.0048,0.0,0.75,1,2021-07-15,2021-05-28,
test,test_GRD/shard-00003.tar:004494,555,ok,1.0,5.0176,0.0856,0.0052,0.0365,0.7061,0,2021-12-10,2021-08-30,
test,test_GRD/shard-00003.tar:004497,555,ok,1.0,5.0176,0.0,0.0,1.0,0.75,1,2021-12-10,2021-08-30,
test,test_GRD/shard-00003.tar:004500,555,ok,1.0,5.0176,0.0,0.0,1.0,0.7443,1,2021-12-10,2021-08-30,
test,test_GRD/shard-00003.tar:004503,555,ok,1.0,5.0176,0.0,0.0,1.0,0.75,1,2021-12-10,2021-08-30,
test,test_GRD/shard-00003.tar:004506,555,ok,1.0,5.0176,0.0,0.134,0.0,0.0326,0,2021-12-10,2021-08-30,
test,test_GRD/shard-00003.tar:004509,555,ok,1.0,5.0176,0.0,0.0,1.0,0.75,1,2021-12-10,2021-08-30,
test,test_GRD/shard-00003.tar:004512,555,ok,1.0,5.0176,0.0,0.048,0.0,0.1333,1,2021-12-10,2021-08-30,
test,test_GRD/shard-00003.tar:004515,555,ok,0.99,4.966,0.0,0.0176,0.0,0.8595,1,2021-12-10,2021-08-30,
test,test_GRD/shard-00003.tar:004518,555,ok,1.0,5.0176,0.0,0.008,0.0,0.0716,1,2021-12-10,2021-08-30,
test,test_GRD/shard-00003.tar:004521,555,ok,1.0,5.0176,0.0,0.0,1.0,0.75,1,2021-12-10,2021-08-30,
test,test_GRD/shard-00004.tar:000000,555,ok,1.0,5.0176,0.0,0.004,0.0,0.1906,1,2021-12-10,2021-08-30,
test,test_GRD/shard-00004.tar:000003,555,ok,1.0,5.0176,0.0,0.0,1.0,0.0503,1,2021-12-10,2021-08-30,
test,test_GRD/shard-00004.tar:000006,555,ok,1.0,5.0176,0.0,0.0,1.0,0.75,1,2021-12-10,2021-08-30,
test,test_GRD/shard-00004.tar:000009,555,ok,1.0,5.0176,0.0284,0.0,0.0,0.1173,1,2021-12-10,2021-08-30,
test,test_GRD/shard-00004.tar:000012,555,ok,1.0,5.0176,1.9124,0.5464,0.2804,0.7443,0,2021-12-10,2021-08-30,
test,test_GRD/shard-00004.tar:000015,555,ok,1.0,5.0176,0.0,0.0,1.0,0.028,1,2021-12-10,2021-08-30,
test,test_GRD/shard-00004.tar:000018,555,ok,1.0,5.0176,0.0,0.0,1.0,0.75,1,2021-12-10,2021-08-30,
test,test_GRD/shard-00004.tar:000021,555,ok,1.0,5.0176,0.0,0.0,1.0,0.1958,1,2021-12-10,2021-08-30,
test,test_GRD/shard-00004.tar:000024,555,ok,1.0,5.0176,0.0,0.0,1.0,0.178,1,2021-12-10,2021-08-30,
test,test_GRD/shard-00004.tar:000027,555,ok,1.0,5.0176,0.0,0.0412,0.0,0.0443,1,2021-12-10,2021-08-30,
test,test_GRD/shard-00004.tar:001498,1111004,ok,1.0,5.0176,0.0876,0.0104,0.1187,0.7499,0,2017-08-29,2017-08-05,
test,test_GRD/shard-00004.tar:001501,1111004,ok,1.0,5.0176,0.248,0.0724,0.2919,0.5742,0,2017-08-29,2017-08-05,
test,test_GRD/shard-00004.tar:001504,1111004,ok,1.0,5.0176,0.008,0.0,0.0,0.75,1,2017-08-29,2017-08-05,
test,test_GRD/shard-00004.tar:001507,1111004,ok,1.0,5.0176,0.8028,0.244,0.3039,0.2881,0,2017-08-29,2017-08-05,
test,test_GRD/shard-00004.tar:001510,1111004,ok,1.0,5.0176,0.0616,0.014,0.2273,0.75,1,2017-08-29,2017-08-05,
test,test_GRD/shard-00004.tar:001513,1111004,ok,1.0,5.0176,0.0064,0.0,0.0,0.3108,1,2017-08-29,2017-08-05,
test,test_GRD/shard-00004.tar:001516,1111004,ok,1.0,5.0176,0.0,0.0,1.0,0.75,1,2017-08-29,2017-08-05,
test,test_GRD/shard-00004.tar:001519,1111004,ok,1.0,5.0176,0.0,0.0,1.0,0.75,1,2017-08-29,2017-08-05,
test,test_GRD/shard-00004.tar:001522,1111004,ok,1.0,5.0176,0.0644,0.0,0.0,0.75,0,2017-08-29,2017-08-05,
test,test_GRD/shard-00004.tar:001525,1111004,ok,1.0,5.0176,0.3388,0.0136,0.0401,0.6292,0,2017-08-29,2017-08-05,
test,test_GRD/shard-00004.tar:002996,1111004,ok,1.0,5.0176,0.2648,0.1036,0.3808,0.6169,0,2017-08-29,2017-08-05,
test,test_GRD/shard-00004.tar:002999,1111004,ok,1.0,5.0176,1.5204,1.4764,0.9083,0.9944,1,2017-08-29,2017-08-05,
test,test_GRD/shard-00004.tar:003002,1111004,ok,0.65,3.2636,0.3232,0.056,0.1603,0.3395,0,2017-08-29,2017-08-05,
test,test_GRD/shard-00004.tar:003005,1111004,ok,1.0,5.0176,0.0,0.0,1.0,0.75,1,2017-08-29,2017-08-05,
test,test_GRD/shard-00004.tar:003008,1111004,ok,1.0,5.0176,0.0,0.0,1.0,0.75,1,2017-08-29,2017-08-05,
test,test_GRD/shard-00004.tar:003011,1111004,ok,1.0,5.0176,0.012,0.0,0.0,0.75,1,2017-08-29,2017-08-05,
test,test_GRD/shard-00004.tar:003014,1111004,ok,1.0,5.0176,0.1696,0.0,0.0,0.7396,0,2017-08-29,2017-08-05,
test,test_GRD/shard-00004.tar:003017,1111004,ok,1.0,5.0176,0.5056,0.1936,0.3667,0.3409,0,2017-08-29,2017-08-05,
test,test_GRD/shard-00004.tar:003020,1111004,ok,1.0,5.0176,0.0,0.0,1.0,0.75,1,2017-08-29,2017-08-05,
test,test_GRD/shard-00004.tar:003023,1111004,ok,1.0,5.0176,0.2296,0.1016,0.4325,0.545,0,2017-08-29,2017-08-05,
test,test_GRD/shard-00004.tar:004494,1111004,ok,1.0,5.0176,0.382,0.2828,0.2874,0.3756,0,2017-08-29,2017-08-05,
test,test_GRD/shard-00004.tar:004497,1111004,ok,1.0,5.0176,0.0972,0.0252,0.2593,0.7335,0,2017-08-29,2017-08-05,
test,test_GRD/shard-00004.tar:004500,1111004,ok,1.0,5.0176,0.0264,0.006,0.1739,0.6498,1,2017-08-29,2017-08-05,
test,test_GRD/shard-00004.tar:004503,1111004,ok,1.0,5.0176,0.0,0.0,1.0,0.75,1,2017-08-29,2017-08-05,
test,test_GRD/shard-00004.tar:004506,1111004,ok,1.0,5.0176,0.2976,0.072,0.2403,0.4647,0,2017-08-29,2017-08-05,
test,test_GRD/shard-00004.tar:004509,1111004,ok,1.0,5.0176,0.116,0.0184,0.1586,0.7489,0,2017-08-29,2017-08-05,
test,test_GRD/shard-00004.tar:004512,1111004,ok,1.0,5.0176,1.348,0.8028,0.5955,0.5254,0,2017-08-29,2017-08-05,
test,test_GRD/shard-00004.tar:004515,1111004,ok,1.0,5.0176,1.8024,1.098,0.5901,0.3994,0,2017-08-29,2017-08-05,
test,test_GRD/shard-00004.tar:004518,1111004,ok,1.0,5.0176,0.5848,0.4316,0.5532,0.4061,0,2017-08-29,2017-08-05,
test,test_GRD/shard-00004.tar:004521,1111004,ok,1.0,5.0176,0.0,0.0,1.0,0.75,1,2017-08-29,2017-08-05,
test,test_GRD/shard-00005.tar:000000,1111004,ok,1.0,5.0176,0.416,0.0844,0.116,0.4672,0,2017-08-29,2017-08-05,
test,test_GRD/shard-00005.tar:000003,1111004,ok,1.0,5.0176,0.0,0.0,1.0,0.75,1,2017-08-29,2017-08-05,
test,test_GRD/shard-00005.tar:000006,1111004,ok,1.0,5.0176,0.0588,0.0556,0.0875,0.7498,1,2017-08-29,2017-08-05,
test,test_GRD/shard-00005.tar:000009,1111004,ok,1.0,5.0176,0.0,0.0,1.0,0.75,1,2017-08-29,2017-08-05,
test,test_GRD/shard-00005.tar:000012,1111004,ok,1.0,5.0176,0.0,0.0,1.0,0.75,1,2017-08-29,2017-08-05,
test,test_GRD/shard-00005.tar:000015,1111004,ok,1.0,5.0176,0.6304,0.6132,0.8097,0.5439,1,2017-08-29,2017-08-05,
test,test_GRD/shard-00005.tar:000018,1111004,ok,1.0,5.0176,0.0268,0.0,0.0,0.75,1,2017-08-29,2017-08-05,
test,test_GRD/shard-00005.tar:000021,1111005,ok,1.0,5.0176,0.0,0.0,1.0,0.1706,1,2020-01-26,2019-11-27,
test,test_GRD/shard-00005.tar:000024,1111005,ok,1.0,5.0176,3.1508,1.4376,0.4563,0.6384,0,2020-01-26,2019-11-27,
test,test_GRD/shard-00005.tar:000027,1111005,ok,1.0,5.0176,4.8744,3.6284,0.7417,0.7498,0,2020-01-26,2019-11-27,
test,test_GRD/shard-00005.tar:001498,1111006,ok,1.0,5.0176,0.0,0.0052,0.0,0.7497,1,2020-01-31,2020-01-19,
test,test_GRD/shard-00005.tar:001501,1111006,ok,1.0,5.0176,0.0,0.0056,0.0,0.6779,1,2020-01-31,2020-01-19,
test,test_GRD/shard-00005.tar:001504,1111006,ok,1.0,5.0176,0.0,0.0,1.0,0.3386,1,2020-01-31,2020-01-19,
test,test_GRD/shard-00005.tar:001507,1111006,ok,1.0,5.0176,2.3788,1.5744,0.6136,0.5204,0,2020-01-31,2020-01-19,
test,test_GRD/shard-00005.tar:001510,1111006,ok,1.0,5.0176,0.0,0.0,1.0,0.7312,1,2020-01-31,2020-01-19,
test,test_GRD/shard-00005.tar:001513,1111006,ok,1.0,5.0176,0.0,0.0,1.0,0.75,1,2020-01-31,2020-01-19,
test,test_GRD/shard-00005.tar:001516,1111006,ok,1.0,5.0176,0.0,0.0,1.0,0.75,1,2020-01-31,2020-01-19,
test,test_GRD/shard-00005.tar:001519,1111006,ok,1.0,5.0176,0.07,0.04,0.2791,0.75,1,2020-01-31,2020-01-19,
test,test_GRD/shard-00005.tar:001522,1111006,ok,1.0,5.0176,0.0,0.0,1.0,0.75,1,2020-01-31,2020-01-19,
test,test_GRD/shard-00005.tar:001525,1111006,ok,1.0,5.0176,0.4112,0.4744,0.4156,1.0,1,2020-01-31,2020-01-19,
test,test_GRD/shard-00005.tar:002996,1111007,ok,1.0,5.0176,0.0,0.0,1.0,0.75,1,2019-09-18,2019-08-01,
test,test_GRD/shard-00005.tar:002999,1111007,ok,1.0,5.0176,0.0,0.0,1.0,0.75,1,2019-09-18,2019-08-01,
test,test_GRD/shard-00005.tar:003002,1111007,ok,1.0,5.0176,0.0,0.0,1.0,0.75,1,2019-09-18,2019-08-01,
test,test_GRD/shard-00005.tar:003005,1111007,ok,1.0,5.0176,0.0,0.0,1.0,0.1166,1,2019-09-18,2019-08-01,
test,test_GRD/shard-00005.tar:003008,1111007,ok,1.0,5.0176,4.5988,3.598,0.75,0.9477,0,2019-09-18,2019-08-01,
test,test_GRD/shard-00005.tar:003011,1111007,ok,1.0,5.0176,0.0172,0.0112,0.2034,0.4703,1,2019-09-18,2019-08-01,
test,test_GRD/shard-00005.tar:003014,1111007,ok,1.0,5.0176,0.0,0.0,1.0,0.75,1,2019-09-18,2019-08-01,
test,test_GRD/shard-00005.tar:003017,1111007,ok,1.0,5.0176,0.722,0.0,0.0,0.1053,0,2019-09-18,2019-08-01,
test,test_GRD/shard-00005.tar:003020,1111007,ok,1.0,5.0176,0.0,0.0,1.0,0.75,1,2019-09-18,2019-08-01,
test,test_GRD/shard-00005.tar:003023,1111007,ok,0.771,3.8684,0.0,0.0,1.0,0.75,1,2019-09-18,2019-08-01,
test,test_GRD/shard-00005.tar:004494,1111007,ok,1.0,5.0176,0.0,0.0,1.0,0.75,1,2019-09-18,2019-08-01,
test,test_GRD/shard-00005.tar:004497,1111007,ok,1.0,5.0176,1.3172,0.6232,0.4682,0.7002,0,2019-09-18,2019-08-01,
test,test_GRD/shard-00005.tar:004500,1111007,ok,1.0,5.0176,1.158,0.75,0.5985,0.6923,0,2019-09-18,2019-08-01,
test,test_GRD/shard-00005.tar:004503,1111007,ok,1.0,5.0176,0.0,0.0,1.0,0.75,1,2019-09-18,2019-08-01,
test,test_GRD/shard-00005.tar:004506,1111007,ok,1.0,5.0176,0.0,0.0,1.0,0.75,1,2019-09-18,2019-08-01,
test,test_GRD/shard-00005.tar:004509,1111007,ok,1.0,5.0176,0.0,0.0,1.0,0.75,1,2019-09-18,2019-08-01,
test,test_GRD/shard-00005.tar:004512,1111007,ok,1.0,5.0176,0.0,0.0,1.0,0.75,1,2019-09-18,2019-08-01,
test,test_GRD/shard-00005.tar:004515,1111007,ok,1.0,5.0176,0.1752,0.042,0.0,0.3017,0,2019-09-18,2019-08-01,
test,test_GRD/shard-00005.tar:004518,1111007,ok,1.0,5.0176,1.3404,1.0836,0.6871,0.8,1,2019-09-18,2019-08-01,
test,test_GRD/shard-00005.tar:004521,1111007,ok,1.0,5.0176,1.8352,0.2644,0.1441,0.3273,0,2019-09-18,2019-08-01,
test,test_GRD/shard-00006.tar:000000,1111007,ok,1.0,5.0176,0.0,0.0,1.0,0.75,1,2019-09-18,2019-08-01,
test,test_GRD/shard-00006.tar:000003,1111007,ok,1.0,5.0176,0.0,0.0,1.0,0.75,1,2019-09-18,2019-08-01,
test,test_GRD/shard-00006.tar:000006,1111007,ok,1.0,5.0176,0.0,0.0,1.0,0.75,1,2019-09-18,2019-08-01,
test,test_GRD/shard-00006.tar:000009,1111007,ok,1.0,5.0176,0.0,0.0,1.0,0.75,1,2019-09-18,2019-08-01,
test,test_GRD/shard-00006.tar:000012,1111007,ok,1.0,5.0176,2.4004,2.2856,0.8191,0.8416,1,2019-09-18,2019-08-01,
test,test_GRD/shard-00006.tar:000015,1111007,ok,1.0,5.0176,0.0,0.004,0.0,0.75,1,2019-09-18,2019-08-01,
test,test_GRD/shard-00006.tar:000018,1111007,ok,1.0,5.0176,1.2972,1.0904,0.7634,0.9184,1,2019-09-18,2019-08-01,
test,test_GRD/shard-00006.tar:000021,1111007,ok,1.0,5.0176,0.04,0.0052,0.0,0.7151,1,2019-09-18,2019-08-01,
test,test_GRD/shard-00006.tar:000024,1111007,ok,1.0,5.0176,1.4032,0.6868,0.4587,0.7431,0,2019-09-18,2019-08-01,
test,test_GRD/shard-00006.tar:000027,1111007,ok,1.0,5.0176,0.0,0.0,1.0,0.75,1,2019-09-18,2019-08-01,
test,test_GRD/shard-00006.tar:001498,1111009,ok,1.0,5.0176,0.0,0.038,0.0,0.0931,1,2022-09-11,2022-06-19,
test,test_GRD/shard-00006.tar:001501,1111009,ok,1.0,5.0176,0.0,0.318,0.0,0.3587,0,2022-09-11,2022-06-19,
test,test_GRD/shard-00006.tar:001504,1111009,ok,1.0,5.0176,2.0824,1.3252,0.5517,0.636,0,2022-09-11,2022-06-19,
test,test_GRD/shard-00006.tar:001507,1111009,ok,1.0,5.0176,0.0,0.0,1.0,0.2904,1,2022-09-11,2022-06-19,
test,test_GRD/shard-00006.tar:001510,1111009,ok,1.0,5.0176,4.0336,1.3348,0.3122,0.8289,0,2022-09-11,2022-06-19,
test,test_GRD/shard-00006.tar:001513,1111009,ok,1.0,5.0176,0.0,0.4588,0.0,0.5865,0,2022-09-11,2022-06-19,
test,test_GRD/shard-00006.tar:001516,1111009,ok,1.0,5.0176,0.0,0.0564,0.0,0.0793,0,2022-09-11,2022-06-19,
test,test_GRD/shard-00006.tar:001519,1111009,ok,1.0,5.0176,0.0,0.0,1.0,0.019,1,2022-09-11,2022-06-19,
test,test_GRD/shard-00006.tar:001522,1111009,ok,1.0,5.0176,4.6372,2.278,0.4825,0.8413,0,2022-09-11,2022-06-19,
test,test_GRD/shard-00006.tar:001525,1111009,ok,1.0,5.0176,0.0124,0.014,0.375,0.0299,1,2022-09-11,2022-06-19,
test,test_GRD/shard-00006.tar:002996,1111009,ok,1.0,5.0176,0.0,0.0,1.0,0.0251,1,2022-09-11,2022-06-19,
test,test_GRD/shard-00006.tar:002999,1111009,ok,1.0,5.0176,1.3568,0.6048,0.329,0.5014,0,2022-09-11,2022-06-19,
test,test_GRD/shard-00006.tar:003002,1111009,ok,1.0,5.0176,4.2964,2.6276,0.5836,0.832,0,2022-09-11,2022-06-19,
test,test_GRD/shard-00006.tar:003005,1111009,ok,1.0,5.0176,0.0,0.1072,0.0,0.2981,0,2022-09-11,2022-06-19,
test,test_GRD/shard-00006.tar:003008,1111009,ok,0.999,5.0132,0.4336,0.0116,0.0109,0.1555,0,2022-09-11,2022-06-19,
test,test_GRD/shard-00006.tar:003011,1111009,ok,1.0,5.0176,0.0,0.0,1.0,0.3863,1,2022-09-11,2022-06-19,
test,test_GRD/shard-00006.tar:003014,1111009,ok,1.0,5.0176,0.0,0.0,1.0,0.0805,1,2022-09-11,2022-06-19,
test,test_GRD/shard-00006.tar:003017,1111009,ok,1.0,5.0176,0.0,0.0,1.0,0.0745,1,2022-09-11,2022-06-19,
test,test_GRD/shard-00006.tar:003020,1111009,ok,1.0,5.0176,4.7224,3.8544,0.811,0.8387,1,2022-09-11,2022-06-19,
test,test_GRD/shard-00006.tar:003023,1111009,ok,1.0,5.0176,0.1572,0.0696,0.4246,0.7125,0,2022-09-11,2022-06-19,
test,test_GRD/shard-00006.tar:004494,1111009,ok,1.0,5.0176,2.0492,2.2156,0.6335,0.8557,1,2022-09-11,2022-06-19,
test,test_GRD/shard-00006.tar:004497,1111009,ok,1.0,5.0176,0.0,0.1676,0.0,0.7466,0,2022-09-11,2022-06-19,
test,test_GRD/shard-00006.tar:004500,1111009,ok,1.0,5.0176,0.0,0.0,1.0,0.75,1,2022-09-11,2022-06-19,
test,test_GRD/shard-00006.tar:004503,1111009,ok,1.0,5.0176,0.0144,0.0,0.0,0.75,1,2022-09-11,2022-06-19,
test,test_GRD/shard-00006.tar:004506,1111009,ok,1.0,5.0176,2.078,0.9308,0.3721,0.8216,0,2022-09-11,2022-06-19,
test,test_GRD/shard-00006.tar:004509,1111009,ok,1.0,5.0176,0.0,0.046,0.0,0.6632,1,2022-09-11,2022-06-19,
test,test_GRD/shard-00006.tar:004512,1111009,ok,1.0,5.0176,0.0,0.33,0.0,0.2819,0,2022-09-11,2022-06-19,
test,test_GRD/shard-00006.tar:004515,1111009,ok,1.0,5.0176,0.0,0.0304,0.0,0.0967,1,2022-09-11,2022-06-19,
test,test_GRD/shard-00006.tar:004518,1111009,ok,1.0,5.0176,0.0,0.1264,0.0,0.5061,0,2022-09-11,2022-06-19,
test,test_GRD/shard-00006.tar:004521,1111009,ok,1.0,5.0176,0.0,0.0,1.0,0.0716,1,2022-09-11,2022-06-19,
test,test_GRD/shard-00007.tar:000000,1111009,ok,1.0,5.0176,0.6784,0.398,0.3442,0.8986,0,2022-09-11,2022-06-19,
test,test_GRD/shard-00007.tar:000003,1111009,ok,1.0,5.0176,0.0,0.0,1.0,0.0162,1,2022-09-11,2022-06-19,
test,test_GRD/shard-00007.tar:000006,1111009,ok,1.0,5.0176,0.0,0.042,0.0,0.099,1,2022-09-11,2022-06-19,
test,test_GRD/shard-00007.tar:000009,1111009,ok,1.0,5.0176,0.0,0.0396,0.0,0.1375,1,2022-09-11,2022-06-19,
test,test_GRD/shard-00007.tar:000012,1111009,ok,1.0,5.0176,0.0,0.0,1.0,0.0144,1,2022-09-11,2022-06-19,
test,test_GRD/shard-00007.tar:000015,1111009,ok,1.0,5.0176,0.0,0.0,1.0,0.0953,1,2022-09-11,2022-06-19,
test,test_GRD/shard-00007.tar:000018,1111009,ok,1.0,5.0176,0.0,0.0,1.0,0.0029,1,2022-09-11,2022-06-19,
test,test_GRD/shard-00007.tar:000021,1111009,ok,1.0,5.0176,0.0,0.0296,0.0,0.6321,1,2022-09-11,2022-06-19,
test,test_GRD/shard-00007.tar:000024,1111009,ok,1.0,5.0176,0.0,0.13,0.0,0.0975,0,2022-09-11,2022-06-19,
test,test_GRD/shard-00007.tar:000027,1111009,ok,1.0,5.0176,0.182,0.016,0.0532,0.0802,0,2022-09-11,2022-06-19,
test,test_GRD/shard-00007.tar:001498,1111009,ok,1.0,5.0176,0.48,0.0916,0.1879,0.6568,0,2022-09-11,2022-06-19,
test,test_GRD/shard-00007.tar:001501,1111009,ok,1.0,5.0176,4.7864,0.8892,0.183,0.8558,0,2022-09-11,2022-06-19,
test,test_GRD/shard-00007.tar:001504,1111009,ok,1.0,5.0176,0.0,1.0588,0.0,0.4962,0,2022-09-11,2022-06-19,
test,test_GRD/shard-00007.tar:001507,1111009,ok,1.0,5.0176,0.0,0.0,1.0,0.2401,1,2022-09-11,2022-06-19,
test,test_GRD/shard-00007.tar:001510,1111009,ok,1.0,5.0176,0.0,0.0,1.0,0.0953,1,2022-09-11,2022-06-19,
test,test_GRD/shard-00007.tar:001513,1111009,ok,0.969,4.8644,0.0,0.7232,0.0,0.8681,0,2022-09-11,2022-06-19,
test,test_GRD/shard-00007.tar:001516,1111009,ok,1.0,5.0176,1.0676,0.2872,0.1985,0.7596,0,2022-09-11,2022-06-19,
test,test_GRD/shard-00007.tar:001519,1111009,ok,1.0,5.0176,0.0,0.0336,0.0,0.0586,1,2022-09-11,2022-06-19,
test,test_GRD/shard-00007.tar:001522,1111009,ok,1.0,5.0176,0.0,0.0,1.0,0.75,1,2022-09-11,2022-06-19,
test,test_GRD/shard-00007.tar:001525,1111009,ok,1.0,5.0176,0.0,0.0,1.0,0.0471,1,2022-09-11,2022-06-19,
test,test_GRD/shard-00007.tar:002996,1111009,ok,1.0,5.0176,0.0,0.0,1.0,0.3052,1,2022-09-11,2022-06-19,
test,test_GRD/shard-00007.tar:002999,1111009,ok,1.0,5.0176,0.0,0.0112,0.0,0.0754,1,2022-09-11,2022-06-19,
test,test_GRD/shard-00007.tar:003002,1111009,ok,1.0,5.0176,0.0,0.1144,0.0,0.5566,0,2022-09-11,2022-06-19,
test,test_GRD/shard-00007.tar:003005,1111009,ok,1.0,5.0176,0.0,0.0048,0.0,0.0353,1,2022-09-11,2022-06-19,
test,test_GRD/shard-00007.tar:003008,1111009,ok,1.0,5.0176,0.0,0.006,0.0,0.75,1,2022-09-11,2022-06-19,
test,test_GRD/shard-00007.tar:003011,1111009,ok,1.0,5.0176,0.0,0.1252,0.0,0.346,0,2022-09-11,2022-06-19,
test,test_GRD/shard-00007.tar:003014,1111009,ok,1.0,5.0176,4.7204,3.46,0.7305,0.8887,0,2022-09-11,2022-06-19,
test,test_GRD/shard-00007.tar:003017,1111009,ok,1.0,5.0176,1.0664,0.5704,0.4951,0.5531,0,2022-09-11,2022-06-19,
test,test_GRD/shard-00007.tar:003020,1111009,ok,1.0,5.0176,0.0,0.0044,0.0,0.0899,1,2022-09-11,2022-06-19,
test,test_GRD/shard-00007.tar:003023,1111009,ok,1.0,5.0176,0.0,0.5532,0.0,0.3847,0,2022-09-11,2022-06-19,
test,test_GRD/shard-00007.tar:004494,1111009,ok,1.0,5.0176,0.4188,0.234,0.3066,0.368,0,2022-09-11,2022-06-19,
test,test_GRD/shard-00007.tar:004497,1111009,ok,0.999,5.012,0.0,0.0584,0.0,0.1678,0,2022-09-11,2022-06-19,
test,test_GRD/shard-00007.tar:004500,1111009,ok,1.0,5.0176,0.0,0.0396,0.0,0.1049,1,2022-09-11,2022-06-19,
test,test_GRD/shard-00007.tar:004503,1111009,ok,1.0,5.0176,0.4,0.246,0.2519,0.2589,0,2022-09-11,2022-06-19,
test,test_GRD/shard-00007.tar:004506,1111009,ok,1.0,5.0176,1.9368,0.8824,0.3731,0.9499,0,2022-09-11,2022-06-19,
test,test_GRD/shard-00007.tar:004509,1111009,ok,1.0,5.0176,4.4972,3.588,0.7612,0.8158,0,2022-09-11,2022-06-19,
test,test_GRD/shard-00007.tar:004512,1111009,ok,1.0,5.0176,0.0,0.0188,0.0,0.0483,1,2022-09-11,2022-06-19,
test,test_GRD/shard-00007.tar:004515,1111009,ok,1.0,5.0176,0.0,0.0,1.0,0.1619,1,2022-09-11,2022-06-19,
test,test_GRD/shard-00007.tar:004518,1111009,ok,1.0,5.0176,0.0,0.0,1.0,0.0776,1,2022-09-11,2022-06-19,
test,test_GRD/shard-00007.tar:004521,1111009,ok,1.0,5.0176,0.0,0.0144,0.0,0.0499,1,2022-09-11,2022-06-19,
test,test_GRD/shard-00008.tar:000000,1111009,ok,1.0,5.0176,0.0,0.416,0.0,0.547,0,2022-09-11,2022-06-19,
test,test_GRD/shard-00008.tar:000003,1111009,ok,1.0,5.0176,0.0,0.6896,0.0,0.6062,0,2022-09-11,2022-06-19,
test,test_GRD/shard-00008.tar:000006,1111009,ok,1.0,5.0176,0.0,0.0,1.0,0.3319,1,2022-09-11,2022-06-19,
test,test_GRD/shard-00008.tar:000009,1111009,ok,1.0,5.0176,0.0,0.0,1.0,0.75,1,2022-09-11,2022-06-19,
test,test_GRD/shard-00008.tar:000012,1111009,ok,1.0,5.0176,0.0,2.5376,0.0,0.7754,0,2022-09-11,2022-06-19,
test,test_GRD/shard-00008.tar:000015,1111009,ok,1.0,5.0176,4.6752,4.7704,0.927,0.8478,1,2022-09-11,2022-06-19,
test,test_GRD/shard-00008.tar:000018,1111009,ok,1.0,5.0176,0.0,0.0396,0.0,0.6759,1,2022-09-11,2022-06-19,
test,test_GRD/shard-00008.tar:000021,1111009,ok,1.0,5.0176,0.0132,0.0052,0.3939,0.75,1,2022-09-11,2022-06-19,
test,test_GRD/shard-00008.tar:000024,1111009,ok,1.0,5.0176,0.0,0.0,1.0,0.0234,1,2022-09-11,2022-06-19,
test,test_GRD/shard-00008.tar:000027,1111009,ok,1.0,5.0176,0.0,0.0,1.0,0.0892,1,2022-09-11,2022-06-19,
test,test_GRD/shard-00008.tar:001498,1111009,ok,1.0,5.0176,0.0,0.026,0.0,0.1763,1,2022-09-11,2022-06-19,
test,test_GRD/shard-00008.tar:001501,1111009,ok,1.0,5.0176,0.0,0.0,1.0,0.75,1,2022-09-11,2022-06-19,
test,test_GRD/shard-00008.tar:001504,1111009,ok,1.0,5.0176,2.0872,1.0384,0.4696,0.9022,0,2022-09-11,2022-06-19,
test,test_GRD/shard-00008.tar:001507,1111009,ok,1.0,5.0176,0.0,0.188,0.0,0.2708,0,2022-09-11,2022-06-19,
test,test_GRD/shard-00008.tar:001510,1111009,ok,1.0,5.0176,0.0,0.0,1.0,0.2331,1,2022-09-11,2022-06-19,
test,test_GRD/shard-00008.tar:001513,1111009,ok,1.0,5.0176,0.0,0.0736,0.0,0.5291,0,2022-09-11,2022-06-19,
test,test_GRD/shard-00008.tar:001516,1111009,ok,1.0,5.0176,0.0,0.3984,0.0,0.3261,0,2022-09-11,2022-06-19,
test,test_GRD/shard-00008.tar:001519,1111009,ok,1.0,5.0176,0.1604,0.2032,0.3752,0.1534,1,2022-09-11,2022-06-19,
test,test_GRD/shard-00008.tar:001522,1111009,ok,1.0,5.0176,1.3236,0.564,0.2295,0.6828,0,2022-09-11,2022-06-19,
test,test_GRD/shard-00008.tar:001525,1111009,ok,1.0,5.0176,1.7508,0.9076,0.4143,0.8168,0,2022-09-11,2022-06-19,
test,test_GRD/shard-00008.tar:002996,1111009,ok,1.0,5.0176,0.0,0.01,0.0,0.0794,1,2022-09-11,2022-06-19,
test,test_GRD/shard-00008.tar:002999,1111009,ok,1.0,5.0176,0.0,0.0428,0.0,0.3346,1,2022-09-11,2022-06-19,
test,test_GRD/shard-00008.tar:003002,1111009,ok,1.0,5.0176,0.3432,0.1052,0.2915,0.4636,0,2022-09-11,2022-06-19,
test,test_GRD/shard-00008.tar:003005,1111009,ok,1.0,5.0176,0.0,0.0,1.0,0.0889,1,2022-09-11,2022-06-19,
test,test_GRD/shard-00008.tar:003008,1111009,ok,1.0,5.0176,0.0,0.0936,0.0,0.1205,0,2022-09-11,2022-06-19,
test,test_GRD/shard-00008.tar:003011,1111009,ok,1.0,5.0176,0.0,0.0596,0.0,0.051,0,2022-09-11,2022-06-19,
test,test_GRD/shard-00008.tar:003014,1111009,ok,1.0,5.0176,2.1084,1.3476,0.4726,0.4739,0,2022-09-11,2022-06-19,
test,test_GRD/shard-00008.tar:003017,1111009,ok,1.0,5.0176,2.872,0.2992,0.0958,0.847,0,2022-09-11,2022-06-19,
test,test_GRD/shard-00008.tar:003020,1111009,ok,1.0,5.0176,2.3028,0.58,0.2166,0.7705,0,2022-09-11,2022-06-19,
test,test_GRD/shard-00008.tar:003023,1111009,ok,1.0,5.0176,0.0,0.224,0.0,0.5193,0,2022-09-11,2022-06-19,
test,test_GRD/shard-00008.tar:004494,1111009,ok,1.0,5.0176,0.9056,0.4988,0.3244,0.3482,0,2022-09-11,2022-06-19,
test,test_GRD/shard-00008.tar:004497,1111009,ok,1.0,5.0176,0.0728,0.0772,0.1719,0.3481,1,2022-09-11,2022-06-19,
test,test_GRD/shard-00008.tar:004500,1111009,ok,1.0,5.0176,0.0,0.0,1.0,0.1389,1,2022-09-11,2022-06-19,
test,test_GRD/shard-00008.tar:004503,1111009,ok,1.0,5.0176,0.0,0.0204,0.0,0.2415,1,2022-09-11,2022-06-19,
test,test_GRD/shard-00008.tar:004506,1111009,ok,1.0,5.0176,0.0,0.0072,0.0,0.0562,1,2022-09-11,2022-06-19,
test,test_GRD/shard-00008.tar:004509,1111009,ok,1.0,5.0176,0.0,0.0108,0.0,0.0846,1,2022-09-11,2022-06-19,
test,test_GRD/shard-00008.tar:004512,1111009,ok,1.0,5.0176,4.4928,3.9112,0.8596,0.7498,1,2022-09-11,2022-06-19,
test,test_GRD/shard-00008.tar:004515,1111009,ok,1.0,5.0176,0.6716,0.346,0.3216,0.6186,0,2022-09-11,2022-06-19,
test,test_GRD/shard-00008.tar:004518,1111009,ok,1.0,5.0176,0.0,0.0236,0.0,0.4493,1,2022-09-11,2022-06-19,
test,test_GRD/shard-00008.tar:004521,1111009,ok,1.0,5.0176,0.0,0.0,1.0,0.75,1,2022-09-11,2022-06-19,
test,test_GRD/shard-00009.tar:000000,1111009,ok,1.0,5.0176,0.8952,0.604,0.4355,0.6761,0,2022-09-11,2022-06-19,
test,test_GRD/shard-00009.tar:000003,1111009,ok,1.0,5.0176,0.0,0.0,1.0,0.6362,1,2022-09-11,2022-06-19,
test,test_GRD/shard-00009.tar:000006,1111009,ok,1.0,5.0176,0.4436,0.1532,0.212,0.5642,0,2022-09-11,2022-06-19,
test,test_GRD/shard-00009.tar:000009,1111009,ok,1.0,5.0176,0.0,0.146,0.0,0.1497,0,2022-09-11,2022-06-19,
test,test_GRD/shard-00009.tar:000012,1111009,ok,1.0,5.0176,1.784,0.4236,0.1512,0.2485,0,2022-09-11,2022-06-19,
test,test_GRD/shard-00009.tar:000015,1111009,ok,1.0,5.0176,0.0,0.0,1.0,0.2531,1,2022-09-11,2022-06-19,
test,test_GRD/shard-00009.tar:000018,1111009,ok,1.0,5.0176,0.014,0.0,0.0,0.0512,1,2022-09-11,2022-06-19,
test,test_GRD/shard-00009.tar:000021,1111009,ok,1.0,5.0176,1.3544,0.9072,0.4759,0.9086,0,2022-09-11,2022-06-19,
test,test_GRD/shard-00009.tar:000024,1111009,ok,1.0,5.0176,3.4924,2.5768,0.6088,0.75,0,2022-09-11,2022-06-19,
test,test_GRD/shard-00009.tar:000027,1111009,ok,1.0,5.0176,0.0,0.1584,0.0,0.8805,0,2022-09-11,2022-06-19,
test,test_GRD/shard-00009.tar:001498,1111010,ok,0.698,3.5044,0.3216,0.038,0.1154,0.4664,0,2017-03-11,2016-11-23,
test,test_GRD/shard-00009.tar:001501,1111010,ok,1.0,5.0176,0.6988,0.376,0.4813,0.5504,0,2017-03-11,2016-11-23,
test,test_GRD/shard-00009.tar:001504,1111011,ok,1.0,5.0176,0.0,0.0,1.0,0.75,1,2020-11-13,2020-11-01,
test,test_GRD/shard-00009.tar:001507,1111011,ok,1.0,5.0176,0.0388,0.118,0.298,0.9555,0,2020-11-13,2020-11-01,
test,test_GRD/shard-00009.tar:001510,1111011,ok,1.0,5.0176,0.0212,0.0176,0.6441,0.75,1,2020-11-13,2020-11-01,
test,test_GRD/shard-00009.tar:001513,1111011,ok,1.0,5.0176,0.0,0.0,1.0,0.75,1,2020-11-13,2020-11-01,
test,test_GRD/shard-00009.tar:001516,1111011,ok,1.0,5.0176,0.782,0.8332,0.7526,0.9311,1,2020-11-13,2020-11-01,
test,test_GRD/shard-00009.tar:001519,1111011,ok,1.0,5.0176,0.0,0.0,1.0,0.75,1,2020-11-13,2020-11-01,
test,test_GRD/shard-00009.tar:001522,1111011,ok,1.0,5.0176,0.2332,0.0204,0.062,0.6464,0,2020-11-13,2020-11-01,
test,test_GRD/shard-00009.tar:001525,1111011,ok,1.0,5.0176,0.0,0.0,1.0,0.75,1,2020-11-13,2020-11-01,
test,test_GRD/shard-00009.tar:002996,1111011,ok,1.0,5.0176,0.0288,0.068,0.0852,0.4748,1,2020-11-13,2020-11-01,
test,test_GRD/shard-00009.tar:002999,1111011,ok,1.0,5.0176,0.0,0.0,1.0,0.75,1,2020-11-13,2020-11-01,
test,test_GRD/shard-00009.tar:003002,1111011,ok,1.0,5.0176,0.0328,0.0308,0.06,0.5948,1,2020-11-13,2020-11-01,
test,test_GRD/shard-00009.tar:003005,1111011,ok,1.0,5.0176,0.0,0.0,1.0,0.2053,1,2020-11-13,2020-11-01,
test,test_GRD/shard-00009.tar:003008,1111011,ok,1.0,5.0176,0.1728,0.116,0.1778,0.4466,0,2020-11-13,2020-11-01,
test,test_GRD/shard-00009.tar:003011,1111011,ok,1.0,5.0176,0.2084,0.0088,0.0402,0.6952,0,2020-11-13,2020-11-01,
test,test_GRD/shard-00009.tar:003014,1111011,ok,1.0,5.0176,0.0,0.0068,0.0,0.3652,1,2020-11-13,2020-11-01,
test,test_GRD/shard-00009.tar:003017,1111011,ok,1.0,5.0176,0.0684,0.0128,0.0856,0.5899,0,2020-11-13,2020-11-01,
test,test_GRD/shard-00009.tar:003020,1111011,ok,1.0,5.0176,0.0,0.0,1.0,0.75,1,2020-11-13,2020-11-01,
test,test_GRD/shard-00009.tar:003023,1111011,ok,1.0,5.0176,0.0,0.0,1.0,0.75,1,2020-11-13,2020-11-01,
test,test_GRD/shard-00009.tar:004494,1111011,ok,1.0,5.0176,0.0,0.0,1.0,0.2753,1,2020-11-13,2020-11-01,
test,test_GRD/shard-00009.tar:004497,1111011,ok,1.0,5.0176,0.0,0.0,1.0,0.75,1,2020-11-13,2020-11-01,
test,test_GRD/shard-00009.tar:004500,1111011,ok,1.0,5.0176,0.3388,0.0184,0.0543,0.8516,0,2020-11-13,2020-11-01,
test,test_GRD/shard-00009.tar:004503,1111011,ok,1.0,5.0176,0.0,0.0,1.0,0.4855,1,2020-11-13,2020-11-01,
test,test_GRD/shard-00009.tar:004506,1111011,ok,1.0,5.0176,0.0028,0.0156,0.1795,0.7139,1,2020-11-13,2020-11-01,
test,test_GRD/shard-00009.tar:004509,1111011,ok,1.0,5.0176,0.652,0.9952,0.4996,0.5622,0,2020-11-13,2020-11-01,
test,test_GRD/shard-00009.tar:004512,1111011,ok,1.0,5.0176,0.0,0.0,1.0,0.75,1,2020-11-13,2020-11-01,
test,test_GRD/shard-00009.tar:004515,1111011,ok,1.0,5.0176,0.0,0.0,1.0,0.1984,1,2020-11-13,2020-11-01,
test,test_GRD/shard-00009.tar:004518,1111011,ok,1.0,5.0176,0.8216,0.83,0.6964,0.7317,1,2020-11-13,2020-11-01,
test,test_GRD/shard-00009.tar:004521,1111011,ok,1.0,5.0176,0.0,0.0,1.0,0.0674,1,2020-11-13,2020-11-01,
test,test_GRD/shard-00010.tar:000000,1111013,ok,1.0,5.0176,0.0,0.0,1.0,0.1687,1,2017-05-04,2017-04-22,
test,test_GRD/shard-00010.tar:000003,1111013,ok,1.0,5.0176,0.0,0.0,1.0,0.75,1,2017-05-04,2017-04-22,
test,test_GRD/shard-00010.tar:000006,1111013,ok,1.0,5.0176,0.0,0.0,1.0,0.3386,1,2017-05-04,2017-04-22,
test,test_GRD/shard-00010.tar:000009,1111013,ok,1.0,5.0176,0.0,0.0,1.0,0.75,1,2017-05-04,2017-04-22,
test,test_GRD/shard-00010.tar:000012,1111013,ok,1.0,5.0176,0.0,0.0,1.0,0.75,1,2017-05-04,2017-04-22,
test,test_GRD/shard-00010.tar:000015,1111013,ok,1.0,5.0176,0.048,0.0528,0.0,0.037,1,2017-05-04,2017-04-22,
test,test_GRD/shard-00010.tar:000018,1111013,ok,1.0,5.0176,0.0,0.0,1.0,0.75,1,2017-05-04,2017-04-22,
test,test_GRD/shard-00010.tar:000021,1111013,ok,1.0,5.0176,0.0,0.0,1.0,0.75,1,2017-05-04,2017-04-22,
test,test_GRD/shard-00010.tar:000024,1111013,ok,1.0,5.0176,0.0768,0.044,0.5567,0.6395,1,2017-05-04,2017-04-22,
test,test_GRD/shard-00010.tar:000027,1111013,ok,1.0,5.0176,0.3892,0.0628,0.1484,0.178,0,2017-05-04,2017-04-22,
test,test_GRD/shard-00010.tar:001498,1111013,ok,1.0,5.0176,0.0,0.0,1.0,0.2331,1,2017-05-04,2017-04-22,
test,test_GRD/shard-00010.tar:001501,1111013,ok,1.0,5.0176,0.002,0.0,0.0,0.0236,1,2017-05-04,2017-04-22,
test,test_GRD/shard-00010.tar:001504,1111013,ok,1.0,5.0176,0.0,0.0,1.0,0.75,1,2017-05-04,2017-04-22,
test,test_GRD/shard-00010.tar:001507,1111013,ok,1.0,5.0176,0.0,0.0,1.0,0.75,1,2017-05-04,2017-04-22,
test,test_GRD/shard-00010.tar:001510,1111013,ok,1.0,5.0176,0.0,0.0,1.0,0.1707,1,2017-05-04,2017-04-22,
test,test_GRD/shard-00010.tar:001513,1111013,ok,1.0,5.0176,1.8344,1.3216,0.6752,0.6039,0,2017-05-04,2017-04-22,
test,test_GRD/shard-00010.tar:001516,1111013,ok,1.0,5.0176,0.0,0.0,1.0,0.75,1,2017-05-04,2017-04-22,
test,test_GRD/shard-00010.tar:001519,1111013,ok,1.0,5.0176,0.0,0.0,1.0,0.1189,1,2017-05-04,2017-04-22,
test,test_GRD/shard-00010.tar:001522,1111013,ok,1.0,5.0176,0.084,0.0368,0.4178,0.7358,1,2017-05-04,2017-04-22,
test,test_GRD/shard-00010.tar:001525,1111013,ok,1.0,5.0176,0.0572,0.1168,0.4897,0.7884,0,2017-05-04,2017-04-22,
test,test_GRD/shard-00010.tar:002996,1111013,ok,1.0,5.0176,0.0492,0.0,0.0,0.2331,1,2017-05-04,2017-04-22,
test,test_GRD/shard-00010.tar:002999,1111013,ok,1.0,5.0176,0.0,0.0,1.0,0.75,1,2017-05-04,2017-04-22,
test,test_GRD/shard-00010.tar:003002,1111013,ok,1.0,5.0176,0.0088,0.0,0.0,0.1584,1,2017-05-04,2017-04-22,
test,test_GRD/shard-00010.tar:003005,1111013,ok,1.0,5.0176,0.3592,0.0884,0.2256,0.9651,0,2017-05-04,2017-04-22,
test,test_GRD/shard-00010.tar:003008,1111013,ok,1.0,5.0176,0.7988,0.7048,0.8107,0.8689,1,2017-05-04,2017-04-22,
test,test_GRD/shard-00010.tar:003011,1111013,ok,1.0,5.0176,0.0,0.0,1.0,0.75,1,2017-05-04,2017-04-22,
test,test_GRD/shard-00010.tar:003014,1111013,ok,1.0,5.0176,0.0028,0.0,0.0,0.75,1,2017-05-04,2017-04-22,
test,test_GRD/shard-00010.tar:003017,1111013,ok,1.0,5.0176,0.0488,0.0,0.0,0.75,1,2017-05-04,2017-04-22,
test,test_GRD/shard-00010.tar:003020,1111013,ok,1.0,5.0176,0.08,0.0,0.0,0.1772,0,2017-05-04,2017-04-22,
test,test_GRD/shard-00010.tar:003023,1111013,ok,1.0,5.0176,0.6804,0.408,0.5903,0.9154,0,2017-05-04,2017-04-22,
test,test_GRD/shard-00010.tar:004494,1111013,ok,1.0,5.0176,0.0108,0.0,0.0,0.75,1,2017-05-04,2017-04-22,
test,test_GRD/shard-00010.tar:004497,1111013,ok,1.0,5.0176,0.0156,0.0,0.0,0.084,1,2017-05-04,2017-04-22,
test,test_GRD/shard-00010.tar:004500,1111013,ok,1.0,5.0176,0.8864,0.1952,0.2164,0.4949,0,2017-05-04,2017-04-22,
test,test_GRD/shard-00010.tar:004503,1111013,ok,1.0,5.0176,0.2464,0.0616,0.068,0.1985,0,2017-05-04,2017-04-22,
test,test_GRD/shard-00010.tar:004506,1111013,ok,1.0,5.0176,0.0452,0.0196,0.2462,0.3859,1,2017-05-04,2017-04-22,
test,test_GRD/shard-00010.tar:004509,1111013,ok,1.0,5.0176,0.0,0.0,1.0,0.2043,1,2017-05-04,2017-04-22,
test,test_GRD/shard-00010.tar:004512,1111013,ok,1.0,5.0176,0.0,0.0,1.0,0.75,1,2017-05-04,2017-04-22,
test,test_GRD/shard-00010.tar:004515,1111013,ok,1.0,5.0176,0.0,0.0,1.0,0.75,1,2017-05-04,2017-04-22,
test,test_GRD/shard-00010.tar:004518,1111013,ok,1.0,5.0176,0.0,0.0,1.0,0.2331,1,2017-05-04,2017-04-22,
test,test_GRD/shard-00010.tar:004521,1111013,ok,1.0,5.0176,0.0032,0.0068,0.0,0.4322,1,2017-05-04,2017-04-22,
test,test_GRD/shard-00011.tar:000000,1111013,ok,1.0,5.0176,0.0,0.0,1.0,0.0852,1,2017-05-04,2017-04-22,
test,test_GRD/shard-00011.tar:000003,1111013,ok,1.0,5.0176,0.0,0.0,1.0,0.75,1,2017-05-04,2017-04-22,
test,test_GRD/shard-00011.tar:000006,1111013,ok,1.0,5.0176,0.0,0.0,1.0,0.75,1,2017-05-04,2017-04-22,
test,test_GRD/shard-00011.tar:000009,1111013,ok,1.0,5.0176,0.0,0.0,1.0,0.75,1,2017-05-04,2017-04-22,
test,test_GRD/shard-00011.tar:000012,1111013,ok,1.0,5.0176,0.0532,0.026,0.4348,0.7494,1,2017-05-04,2017-04-22,
test,test_GRD/shard-00011.tar:000015,1111013,ok,1.0,5.0176,0.0,0.0088,0.0,0.1411,1,2017-05-04,2017-04-22,
test,test_GRD/shard-00011.tar:000018,1111013,ok,1.0,5.0176,0.058,0.078,0.0,0.1665,1,2017-05-04,2017-04-22,
test,test_GRD/shard-00011.tar:000021,1111013,ok,1.0,5.0176,0.1808,0.1268,0.679,0.8978,0,2017-05-04,2017-04-22,
test,test_GRD/shard-00011.tar:000024,1111013,ok,1.0,5.0176,0.032,0.0,0.0,0.0162,1,2017-05-04,2017-04-22,
test,test_GRD/shard-00011.tar:000027,1111013,ok,1.0,5.0176,0.0,0.0,1.0,0.75,1,2017-05-04,2017-04-22,
test,test_GRD/shard-00011.tar,,error,,,,,,,,,,stream: HTTPStatusError: Client error '416 Range Not Satisfiable' for url 'https://us.aws.cdn.hf.co/xet-bridge-us/6a451acf0c554667aa1bab73/c0c9529bba8ca6eebc5a6
test,test_GRD/shard-00011.tar,,error,,,,,,,,,,stream: HTTPStatusError: Client error '416 Range Not Satisfiable' for url 'https://us.aws.cdn.hf.co/xet-bridge-us/6a451acf0c554667aa1bab73/c0c9529bba8ca6eebc5a6
test,test_GRD/shard-00011.tar,,error,,,,,,,,,,stream: HTTPStatusError: Client error '416 Range Not Satisfiable' for url 'https://us.aws.cdn.hf.co/xet-bridge-us/6a451acf0c554667aa1bab73/c0c9529bba8ca6eebc5a6
